{"stats":{"minecraft:broken":{"minecraft:stone_sword":1,"minecraft:stone_pickaxe":2,"minecraft:stone_axe":1,"minecraft:iron_sword":1,"minecraft:iron_pickaxe":1},"minecraft:mined":{"minecraft:tuff":21,"minecraft:spruce_planks":39,"minecraft:mossy_cobblestone":1,"minecraft:deepslate_diamond_ore":41,"minecraft:cobblestone_stairs":20,"minecraft:jack_o_lantern":2,"minecraft:obsidian":1,"minecraft:grass_block":62,"minecraft:soul_soil":19,"minecraft:spruce_leaves":8,"minecraft:spawner":1,"minecraft:large_fern":16,"minecraft:furnace":6,"minecraft:iron_ore":35,"minecraft:cobbled_deepslate":15,"minecraft:fire":139,"minecraft:pumpkin":7,"minecraft:deepslate_iron_ore":3,"minecraft:stone":179,"minecraft:blackstone":34,"minecraft:soul_sand":11,"minecraft:medium_amethyst_bud":1,"minecraft:soul_fire":8,"minecraft:amethyst_cluster":3,"minecraft:clay":1,"minecraft:crafting_table":12,"minecraft:torch":8,"minecraft:short_grass":1,"minecraft:nether_quartz_ore":1,"minecraft:tall_grass":1,"minecraft:cobblestone":22,"minecraft:deepslate_gold_ore":23,"minecraft:blue_bed":2,"minecraft:wall_torch":4,"minecraft:amethyst_block":1,"minecraft:seagrass":1,"minecraft:purple_bed":2,"minecraft:sweet_berry_bush":24,"minecraft:spruce_log":60,"minecraft:oak_log":5,"minecraft:coal_ore":73,"minecraft:gravel":14,"minecraft:sand":8,"minecraft:dirt":19,"minecraft:stonecutter":1,"minecraft:netherrack":375,"minecraft:ancient_debris":1,"minecraft:deepslate":79,"minecraft:fern":5},"minecraft:custom":{"minecraft:mob_kills":117,"minecraft:interact_with_crafting_table":47,"minecraft:leave_game":1,"minecraft:time_since_death":9330,"minecraft:climb_one_cm":1329,"minecraft:sprint_one_cm":397469,"minecraft:walk_one_cm":306374,"minecraft:damage_blocked_by_shield":2432,"minecraft:drop":7,"minecraft:play_time":154986,"minecraft:deaths":2,"minecraft:sneak_time":16911,"minecraft:walk_under_water_one_cm":1378,"minecraft:jump":2725,"minecraft:walk_on_water_one_cm":7577,"minecraft:total_world_time":154986,"minecraft:interact_with_furnace":42,"minecraft:interact_with_cartography_table":1,"minecraft:interact_with_grindstone":2,"minecraft:sleep_in_bed":3,"minecraft:time_since_rest":9370,"minecraft:damage_taken":3231,"minecraft:damage_dealt":19949,"minecraft:swim_one_cm":3145,"minecraft:fly_one_cm":418816,"minecraft:open_chest":46,"minecraft:crouch_one_cm":35757,"minecraft:fall_one_cm":66028},"minecraft:used":{"minecraft:stone_sword":165,"minecraft:iron_shovel":40,"minecraft:flint_and_steel":1,"minecraft:chest":2,"minecraft:spruce_planks":120,"minecraft:shield":60,"minecraft:iron_sword":408,"minecraft:netherrack":132,"minecraft:torch":35,"minecraft:soul_sand":3,"minecraft:dirt":27,"minecraft:tuff":22,"minecraft:lava_bucket":12,"minecraft:iron_axe":12,"minecraft:iron_helmet":1,"minecraft:iron_boots":1,"minecraft:bow":7,"minecraft:sweet_berries":55,"minecraft:soul_soil":3,"minecraft:furnace":8,"minecraft:egg":1,"minecraft:cooked_beef":13,"minecraft:cobbled_deepslate":102,"minecraft:iron_leggings":2,"minecraft:cooked_mutton":6,"minecraft:water_bucket":1,"minecraft:amethyst_block":1,"minecraft:cobblestone_stairs":80,"minecraft:spruce_door":1,"minecraft:stone_pickaxe":267,"minecraft:wooden_pickaxe":12,"minecraft:blue_bed":2,"minecraft:white_wool":4,"minecraft:mossy_cobblestone":1,"minecraft:crafting_table":13,"minecraft:white_bed":4,"minecraft:spruce_log":21,"minecraft:diamond_pickaxe":368,"minecraft:iron_pickaxe":325,"minecraft:bread":13,"minecraft:gravel":19,"minecraft:stone_axe":125,"minecraft:wooden_sword":10,"minecraft:cobblestone":59,"minecraft:purple_bed":2,"minecraft:cooked_porkchop":2,"minecraft:bucket":13,"minecraft:glass_pane":4},"minecraft:dropped":{"minecraft:soul_sand":3,"minecraft:spruce_door":2,"minecraft:wooden_sword":1,"minecraft:bone":3,"minecraft:gravel":9,"minecraft:tuff":1},"minecraft:crafted":{"minecraft:wooden_sword":2,"minecraft:oak_planks":20,"minecraft:furnace":2,"minecraft:cobblestone_stairs":76,"minecraft:cooked_mutton":5,"minecraft:flint_and_steel":1,"minecraft:glass_pane":16,"minecraft:glass":8,"minecraft:bow":1,"minecraft:iron_boots":1,"minecraft:iron_axe":1,"minecraft:stone_pickaxe":2,"minecraft:chest":2,"minecraft:cooked_beef":13,"minecraft:cooked_porkchop":2,"minecraft:crafting_table":1,"minecraft:spruce_planks":144,"minecraft:iron_helmet":1,"minecraft:wooden_pickaxe":1,"minecraft:iron_sword":2,"minecraft:spruce_door":3,"minecraft:bucket":1,"minecraft:stone_axe":1,"minecraft:air":0,"minecraft:iron_chestplate":1,"minecraft:diamond_pickaxe":1,"minecraft:golden_apple":2,"minecraft:shield":2,"minecraft:stick":40,"minecraft:iron_ingot":35,"minecraft:iron_pickaxe":2,"minecraft:stone_sword":1,"minecraft:iron_shovel":1,"minecraft:iron_leggings":1,"minecraft:gold_ingot":23,"minecraft:torch":44},"minecraft:picked_up":{"minecraft:crafting_table":12,"minecraft:iron_chestplate":2,"minecraft:clay_ball":18,"minecraft:potion":1,"minecraft:shield":2,"minecraft:amethyst_block":1,"minecraft:string":3,"minecraft:soul_soil":52,"minecraft:iron_axe":2,"minecraft:iron_leggings":1,"minecraft:iron_shovel":2,"minecraft:blackstone":59,"minecraft:gold_nugget":13,"minecraft:cobbled_deepslate":102,"minecraft:spruce_planks":39,"minecraft:beef":13,"minecraft:furnace":6,"minecraft:egg":2,"minecraft:iron_boots":1,"minecraft:stick":12,"minecraft:raw_iron":41,"minecraft:torch":73,"minecraft:porkchop":7,"minecraft:carrot":1,"minecraft:redstone":37,"minecraft:arrow":43,"minecraft:rotten_flesh":59,"minecraft:obsidian":1,"minecraft:mutton":9,"minecraft:white_wool":4,"minecraft:cobblestone":201,"minecraft:cooked_beef":4,"minecraft:leather":9,"minecraft:flint":3,"minecraft:tuff":23,"minecraft:oak_log":5,"minecraft:ancient_debris":3,"minecraft:gunpowder":2,"minecraft:cobblestone_stairs":20,"minecraft:dirt":103,"minecraft:blue_bed":3,"minecraft:cooked_mutton":1,"minecraft:bone":19,"minecraft:apple":2,"minecraft:stonecutter":1,"minecraft:bow":4,"minecraft:wheat_seeds":1,"minecraft:raw_gold":23,"minecraft:iron_ingot":4,"minecraft:glass_bottle":3,"minecraft:iron_sword":2,"minecraft:soul_sand":20,"minecraft:pumpkin":7,"minecraft:sweet_berries":55,"minecraft:quartz":1,"minecraft:gravel":30,"minecraft:sand":8,"minecraft:amethyst_shard":12,"minecraft:spruce_log":60,"minecraft:spider_eye":1,"minecraft:mossy_cobblestone":1,"minecraft:purple_bed":3,"minecraft:slime_ball":3,"minecraft:diamond":41,"minecraft:iron_helmet":2,"minecraft:golden_apple":3,"minecraft:bread":3,"minecraft:jack_o_lantern":2,"minecraft:netherrack":638,"minecraft:coal":174,"minecraft:diamond_pickaxe":2},"minecraft:killed":{"minecraft:witch":4,"minecraft:spider":3,"minecraft:slime":1,"minecraft:skeleton":21,"minecraft:piglin":2,"minecraft:pig":4,"minecraft:creeper":1,"minecraft:sheep":4,"minecraft:zombie":61,"minecraft:ghast":1,"minecraft:cow":6}},"DataVersion":3953}