{"stats":{"minecraft:picked_up":{"minecraft:crafting_table":11,"minecraft:clay_ball":4,"minecraft:potion":1,"minecraft:oak_log":5,"minecraft:amethyst_block":1,"minecraft:dirt":4,"minecraft:string":2,"minecraft:cooked_mutton":1,"minecraft:bone":4,"minecraft:cobbled_deepslate":16,"minecraft:raw_gold":3,"minecraft:iron_ingot":4,"minecraft:furnace":6,"minecraft:raw_iron":41,"minecraft:sweet_berries":55,"minecraft:torch":17,"minecraft:gravel":1,"minecraft:amethyst_shard":12,"minecraft:spruce_log":9,"minecraft:redstone":7,"minecraft:spider_eye":1,"minecraft:arrow":4,"minecraft:rotten_flesh":16,"minecraft:diamond":3,"minecraft:mutton":9,"minecraft:coal":174,"minecraft:white_wool":4,"minecraft:cobblestone":75},"minecraft:used":{"minecraft:cooked_mutton":6,"minecraft:amethyst_block":1,"minecraft:stone_sword":108,"minecraft:stone_pickaxe":186,"minecraft:shield":5,"minecraft:wooden_pickaxe":12,"minecraft:torch":33,"minecraft:dirt":4,"minecraft:crafting_table":11,"minecraft:iron_pickaxe":29,"minecraft:iron_helmet":1,"minecraft:iron_boots":1,"minecraft:stone_axe":20,"minecraft:cobblestone":50,"minecraft:sweet_berries":19,"minecraft:furnace":6,"minecraft:iron_leggings":1},"minecraft:mined":{"minecraft:deepslate_diamond_ore":3,"minecraft:medium_amethyst_bud":1,"minecraft:amethyst_cluster":3,"minecraft:clay":1,"minecraft:crafting_table":11,"minecraft:torch":8,"minecraft:grass_block":1,"minecraft:tall_grass":1,"minecraft:cobblestone":8,"minecraft:spruce_leaves":2,"minecraft:deepslate_gold_ore":3,"minecraft:wall_torch":4,"minecraft:amethyst_block":1,"minecraft:spawner":1,"minecraft:large_fern":9,"minecraft:furnace":6,"minecraft:iron_ore":35,"minecraft:sweet_berry_bush":22,"minecraft:spruce_log":9,"minecraft:oak_log":5,"minecraft:coal_ore":73,"minecraft:deepslate_iron_ore":3,"minecraft:gravel":1,"minecraft:dirt":3,"minecraft:stone":67,"minecraft:fern":4,"minecraft:deepslate":17},"minecraft:broken":{"minecraft:stone_pickaxe":1},"minecraft:custom":{"minecraft:interact_with_furnace":26,"minecraft:mob_kills":20,"minecraft:interact_with_crafting_table":20,"minecraft:time_since_death":39199,"minecraft:time_since_rest":39199,"minecraft:sprint_one_cm":95809,"minecraft:damage_taken":634,"minecraft:walk_one_cm":83973,"minecraft:damage_blocked_by_shield":145,"minecraft:damage_dealt":3098,"minecraft:fly_one_cm":58561,"minecraft:open_chest":1,"minecraft:crouch_one_cm":7522,"minecraft:play_time":39199,"minecraft:sneak_time":3660,"minecraft:jump":518,"minecraft:walk_on_water_one_cm":4224,"minecraft:total_world_time":39199,"minecraft:fall_one_cm":9485},"minecraft:killed":{"minecraft:witch":1,"minecraft:spider":1,"minecraft:sheep":4,"minecraft:skeleton":2,"minecraft:zombie":12},"minecraft:crafted":{"minecraft:wooden_sword":1,"minecraft:oak_planks":20,"minecraft:crafting_table":1,"minecraft:spruce_planks":28,"minecraft:iron_helmet":1,"minecraft:wooden_pickaxe":1,"minecraft:furnace":1,"minecraft:stone_axe":1,"minecraft:cooked_mutton":5,"minecraft:air":0,"minecraft:iron_boots":1,"minecraft:iron_chestplate":1,"minecraft:shield":1,"minecraft:stick":24,"minecraft:iron_ingot":35,"minecraft:iron_pickaxe":1,"minecraft:stone_pickaxe":2,"minecraft:stone_sword":1,"minecraft:iron_leggings":1,"minecraft:torch":44}},"DataVersion":3953}