{"stats":{"minecraft:picked_up":{"minecraft:crafting_table":11,"minecraft:clay_ball":18,"minecraft:potion":1,"minecraft:tuff":1,"minecraft:oak_log":5,"minecraft:gunpowder":2,"minecraft:amethyst_block":1,"minecraft:dirt":4,"minecraft:string":2,"minecraft:cooked_mutton":1,"minecraft:bone":4,"minecraft:cobbled_deepslate":52,"minecraft:raw_gold":3,"minecraft:spruce_planks":1,"minecraft:iron_ingot":4,"minecraft:glass_bottle":2,"minecraft:furnace":6,"minecraft:raw_iron":41,"minecraft:sweet_berries":55,"minecraft:torch":17,"minecraft:gravel":1,"minecraft:amethyst_shard":12,"minecraft:spruce_log":9,"minecraft:redstone":14,"minecraft:spider_eye":1,"minecraft:arrow":5,"minecraft:rotten_flesh":19,"minecraft:diamond":11,"minecraft:mutton":9,"minecraft:coal":174,"minecraft:white_wool":4,"minecraft:cobblestone":75},"minecraft:used":{"minecraft:cooked_mutton":6,"minecraft:amethyst_block":1,"minecraft:stone_sword":160,"minecraft:stone_pickaxe":195,"minecraft:spruce_planks":20,"minecraft:shield":14,"minecraft:wooden_pickaxe":12,"minecraft:torch":33,"minecraft:dirt":4,"minecraft:crafting_table":11,"minecraft:iron_pickaxe":58,"minecraft:iron_helmet":1,"minecraft:iron_boots":1,"minecraft:stone_axe":21,"minecraft:cobblestone":56,"minecraft:sweet_berries":39,"minecraft:furnace":6,"minecraft:cobbled_deepslate":50,"minecraft:iron_leggings":1},"minecraft:mined":{"minecraft:tuff":1,"minecraft:spruce_planks":1,"minecraft:deepslate_diamond_ore":11,"minecraft:medium_amethyst_bud":1,"minecraft:amethyst_cluster":3,"minecraft:clay":1,"minecraft:crafting_table":11,"minecraft:torch":8,"minecraft:grass_block":1,"minecraft:tall_grass":1,"minecraft:cobblestone":8,"minecraft:spruce_leaves":2,"minecraft:deepslate_gold_ore":3,"minecraft:wall_torch":4,"minecraft:amethyst_block":1,"minecraft:spawner":1,"minecraft:large_fern":9,"minecraft:furnace":6,"minecraft:iron_ore":35,"minecraft:cobbled_deepslate":6,"minecraft:sweet_berry_bush":22,"minecraft:spruce_log":9,"minecraft:oak_log":5,"minecraft:coal_ore":73,"minecraft:deepslate_iron_ore":3,"minecraft:gravel":1,"minecraft:dirt":3,"minecraft:stone":67,"minecraft:fern":4,"minecraft:deepslate":40},"minecraft:broken":{"minecraft:stone_pickaxe":1},"minecraft:custom":{"minecraft:interact_with_furnace":26,"minecraft:mob_kills":31,"minecraft:interact_with_crafting_table":20,"minecraft:time_since_death":51199,"minecraft:time_since_rest":51199,"minecraft:sprint_one_cm":112295,"minecraft:damage_taken":946,"minecraft:walk_one_cm":96464,"minecraft:damage_blocked_by_shield":332,"minecraft:damage_dealt":5301,"minecraft:fly_one_cm":84075,"minecraft:open_chest":1,"minecraft:crouch_one_cm":11891,"minecraft:play_time":51199,"minecraft:sneak_time":6742,"minecraft:jump":675,"minecraft:walk_on_water_one_cm":4224,"minecraft:total_world_time":51199,"minecraft:fall_one_cm":15685},"minecraft:killed":{"minecraft:witch":2,"minecraft:spider":1,"minecraft:creeper":1,"minecraft:sheep":4,"minecraft:skeleton":4,"minecraft:zombie":16},"minecraft:crafted":{"minecraft:wooden_sword":1,"minecraft:oak_planks":20,"minecraft:crafting_table":1,"minecraft:spruce_planks":28,"minecraft:iron_helmet":1,"minecraft:wooden_pickaxe":1,"minecraft:furnace":1,"minecraft:stone_axe":1,"minecraft:cooked_mutton":5,"minecraft:air":0,"minecraft:iron_boots":1,"minecraft:iron_chestplate":1,"minecraft:shield":1,"minecraft:stick":24,"minecraft:iron_ingot":35,"minecraft:iron_pickaxe":1,"minecraft:stone_pickaxe":2,"minecraft:stone_sword":1,"minecraft:iron_leggings":1,"minecraft:torch":44}},"DataVersion":3953}