{"stats":{"minecraft:broken":{"minecraft:stone_sword":1,"minecraft:stone_pickaxe":2,"minecraft:stone_axe":1,"minecraft:iron_sword":1,"minecraft:iron_pickaxe":1},"minecraft:mined":{"minecraft:nether_gold_ore":8,"minecraft:tuff":46,"minecraft:spruce_planks":39,"minecraft:mossy_cobblestone":1,"minecraft:deepslate_diamond_ore":84,"minecraft:cobblestone_stairs":20,"minecraft:jack_o_lantern":3,"minecraft:obsidian":1,"minecraft:granite":14,"minecraft:grass_block":68,"minecraft:spruce_fence":2,"minecraft:soul_soil":19,"minecraft:spruce_leaves":11,"minecraft:spawner":4,"minecraft:large_fern":24,"minecraft:carrots":23,"minecraft:furnace":6,"minecraft:iron_ore":57,"minecraft:cobbled_deepslate":15,"minecraft:fire":264,"minecraft:andesite":9,"minecraft:pumpkin":15,"minecraft:deepslate_lapis_ore":13,"minecraft:deepslate_iron_ore":14,"minecraft:rail":2,"minecraft:stone":333,"minecraft:smithing_table":1,"minecraft:blackstone":34,"minecraft:soul_sand":14,"minecraft:medium_amethyst_bud":1,"minecraft:soul_fire":9,"minecraft:amethyst_cluster":3,"minecraft:oak_fence":1,"minecraft:clay":1,"minecraft:crafting_table":12,"minecraft:torch":14,"minecraft:short_grass":23,"minecraft:emerald_ore":2,"minecraft:calcite":1,"minecraft:nether_quartz_ore":11,"minecraft:tall_grass":7,"minecraft:cobblestone":22,"minecraft:grindstone":1,"minecraft:lapis_ore":2,"minecraft:deepslate_gold_ore":46,"minecraft:oak_planks":10,"minecraft:sugar_cane":35,"minecraft:diorite":3,"minecraft:wall_torch":11,"minecraft:blue_bed":6,"minecraft:amethyst_block":1,"minecraft:seagrass":1,"minecraft:purple_bed":6,"minecraft:wheat":1,"minecraft:sweet_berry_bush":24,"minecraft:spruce_log":84,"minecraft:oak_log":5,"minecraft:coal_ore":73,"minecraft:gravel":16,"minecraft:sand":8,"minecraft:dirt":44,"minecraft:cobweb":2,"minecraft:stonecutter":1,"minecraft:netherrack":1234,"minecraft:ancient_debris":3,"minecraft:deepslate":138,"minecraft:fern":10},"minecraft:killed_by":{"minecraft:skeleton":1},"minecraft:used":{"minecraft:oak_fence":1,"minecraft:stone_sword":165,"minecraft:enchanting_table":1,"minecraft:iron_shovel":40,"minecraft:flint_and_steel":1,"minecraft:chest":4,"minecraft:spruce_planks":120,"minecraft:shield":66,"minecraft:iron_sword":675,"minecraft:cooked_chicken":3,"minecraft:netherrack":390,"minecraft:torch":104,"minecraft:soul_sand":3,"minecraft:dirt":54,"minecraft:carrot":51,"minecraft:tuff":22,"minecraft:spruce_fence":32,"minecraft:lava_bucket":12,"minecraft:bookshelf":2,"minecraft:iron_axe":74,"minecraft:iron_helmet":1,"minecraft:iron_boots":1,"minecraft:bow":17,"minecraft:sweet_berries":55,"minecraft:soul_soil":3,"minecraft:furnace":8,"minecraft:egg":3,"minecraft:cooked_beef":13,"minecraft:cobbled_deepslate":121,"minecraft:iron_leggings":2,"minecraft:wheat_seeds":1,"minecraft:cooked_mutton":6,"minecraft:water_bucket":5,"minecraft:amethyst_block":1,"minecraft:cobblestone_stairs":80,"minecraft:spruce_door":1,"minecraft:stone_pickaxe":267,"minecraft:wooden_pickaxe":12,"minecraft:sugar_cane":38,"minecraft:blue_bed":6,"minecraft:white_wool":4,"minecraft:mossy_cobblestone":1,"minecraft:crafting_table":14,"minecraft:white_bed":4,"minecraft:spruce_log":24,"minecraft:wooden_hoe":28,"minecraft:diamond_pickaxe":1672,"minecraft:iron_pickaxe":325,"minecraft:bread":24,"minecraft:gravel":19,"minecraft:spruce_sapling":3,"minecraft:stone_axe":125,"minecraft:diamond_sword":11,"minecraft:wooden_sword":10,"minecraft:cobblestone":59,"minecraft:purple_bed":6,"minecraft:grindstone":1,"minecraft:cooked_porkchop":15,"minecraft:smithing_table":1,"minecraft:bucket":17,"minecraft:glass_pane":4,"minecraft:bone_meal":39},"minecraft:custom":{"minecraft:interact_with_smithing_table":4,"minecraft:mob_kills":155,"minecraft:interact_with_crafting_table":75,"minecraft:leave_game":4,"minecraft:time_since_death":42153,"minecraft:climb_one_cm":1644,"minecraft:sprint_one_cm":981773,"minecraft:walk_one_cm":577214,"minecraft:damage_blocked_by_shield":2742,"minecraft:drop":16,"minecraft:play_time":284254,"minecraft:deaths":4,"minecraft:sneak_time":23467,"minecraft:walk_under_water_one_cm":10056,"minecraft:jump":4791,"minecraft:walk_on_water_one_cm":29384,"minecraft:enchant_item":2,"minecraft:total_world_time":284254,"minecraft:interact_with_furnace":75,"minecraft:interact_with_cartography_table":1,"minecraft:interact_with_grindstone":3,"minecraft:sleep_in_bed":7,"minecraft:time_since_rest":6725,"minecraft:damage_taken":4963,"minecraft:damage_dealt":26075,"minecraft:swim_one_cm":41602,"minecraft:fly_one_cm":781152,"minecraft:open_chest":105,"minecraft:crouch_one_cm":49378,"minecraft:fall_one_cm":104480},"minecraft:dropped":{"minecraft:soul_sand":3,"minecraft:feather":1,"minecraft:granite":14,"minecraft:spruce_door":2,"minecraft:diorite":3,"minecraft:wooden_sword":1,"minecraft:pumpkin":2,"minecraft:string":1,"minecraft:bone":3,"minecraft:gravel":11,"minecraft:tuff":23,"minecraft:andesite":9,"minecraft:calcite":1},"minecraft:crafted":{"minecraft:wooden_sword":2,"minecraft:oak_planks":20,"minecraft:cooked_chicken":5,"minecraft:furnace":2,"minecraft:cobblestone_stairs":76,"minecraft:bone_meal":39,"minecraft:spruce_fence":30,"minecraft:bookshelf":2,"minecraft:cooked_mutton":6,"minecraft:flint_and_steel":1,"minecraft:glass_pane":16,"minecraft:glass":8,"minecraft:bow":1,"minecraft:iron_boots":2,"minecraft:iron_axe":1,"minecraft:stone_pickaxe":2,"minecraft:chest":4,"minecraft:cooked_beef":13,"minecraft:diamond_sword":1,"minecraft:cooked_porkchop":18,"minecraft:crafting_table":2,"minecraft:spruce_planks":232,"minecraft:enchanting_table":1,"minecraft:iron_helmet":1,"minecraft:wooden_pickaxe":1,"minecraft:iron_sword":2,"minecraft:spruce_door":3,"minecraft:bucket":2,"minecraft:stone_axe":1,"minecraft:air":0,"minecraft:diamond_pickaxe":2,"minecraft:iron_chestplate":1,"minecraft:book":9,"minecraft:wooden_hoe":1,"minecraft:paper":36,"minecraft:golden_apple":2,"minecraft:shield":2,"minecraft:stick":92,"minecraft:iron_ingot":68,"minecraft:iron_pickaxe":2,"minecraft:stone_sword":1,"minecraft:iron_shovel":1,"minecraft:iron_leggings":2,"minecraft:gold_ingot":45,"minecraft:torch":92},"minecraft:picked_up":{"minecraft:crafting_table":12,"minecraft:iron_chestplate":5,"minecraft:wheat":1,"minecraft:chicken":5,"minecraft:clay_ball":18,"minecraft:smithing_table":1,"minecraft:enchanted_book":1,"minecraft:potion":1,"minecraft:shield":4,"minecraft:amethyst_block":1,"minecraft:string":4,"minecraft:soul_soil":59,"minecraft:iron_axe":4,"minecraft:iron_leggings":3,"minecraft:armor_stand":2,"minecraft:iron_shovel":4,"minecraft:blackstone":59,"minecraft:gold_nugget":48,"minecraft:cobbled_deepslate":234,"minecraft:spruce_planks":39,"minecraft:beef":13,"minecraft:calcite":1,"minecraft:sugar_cane":76,"minecraft:furnace":6,"minecraft:egg":4,"minecraft:iron_boots":3,"minecraft:stick":16,"minecraft:raw_iron":89,"minecraft:oak_fence":1,"minecraft:torch":119,"minecraft:spruce_fence":2,"minecraft:porkchop":20,"minecraft:diorite":3,"minecraft:carrot":53,"minecraft:redstone":37,"minecraft:arrow":71,"minecraft:rotten_flesh":75,"minecraft:gold_ingot":3,"minecraft:obsidian":1,"minecraft:mutton":10,"minecraft:rail":3,"minecraft:white_wool":5,"minecraft:cobblestone":433,"minecraft:feather":5,"minecraft:cooked_beef":4,"minecraft:andesite":9,"minecraft:leather":9,"minecraft:flint":5,"minecraft:tuff":48,"minecraft:oak_log":5,"minecraft:ancient_debris":7,"minecraft:lapis_lazuli":210,"minecraft:gunpowder":2,"minecraft:cobblestone_stairs":20,"minecraft:dirt":134,"minecraft:blue_bed":8,"minecraft:name_tag":1,"minecraft:cooked_mutton":1,"minecraft:bone":23,"minecraft:apple":2,"minecraft:stonecutter":1,"minecraft:bow":6,"minecraft:wheat_seeds":9,"minecraft:raw_gold":67,"minecraft:grindstone":1,"minecraft:iron_ingot":12,"minecraft:cooked_chicken":3,"minecraft:oak_planks":10,"minecraft:glass_bottle":3,"minecraft:iron_sword":3,"minecraft:soul_sand":28,"minecraft:cooked_porkchop":18,"minecraft:pumpkin":15,"minecraft:sweet_berries":55,"minecraft:quartz":18,"minecraft:gravel":40,"minecraft:sand":8,"minecraft:amethyst_shard":12,"minecraft:spruce_sapling":8,"minecraft:spruce_log":84,"minecraft:spider_eye":3,"minecraft:mossy_cobblestone":1,"minecraft:purple_bed":8,"minecraft:slime_ball":3,"minecraft:diamond":127,"minecraft:iron_helmet":5,"minecraft:granite":14,"minecraft:golden_apple":6,"minecraft:emerald":2,"minecraft:bread":6,"minecraft:jack_o_lantern":3,"minecraft:netherrack":2100,"minecraft:coal":186,"minecraft:diamond_pickaxe":4},"minecraft:killed":{"minecraft:cave_spider":2,"minecraft:witch":4,"minecraft:spider":5,"minecraft:slime":1,"minecraft:skeleton":23,"minecraft:chicken":5,"minecraft:magma_cube":1,"minecraft:piglin":2,"minecraft:pig":10,"minecraft:iron_golem":1,"minecraft:creeper":1,"minecraft:sheep":5,"minecraft:zombie":78,"minecraft:ghast":2,"minecraft:cow":6}},"DataVersion":3953}