{"stats":{"minecraft:broken":{"minecraft:stone_sword":1,"minecraft:stone_pickaxe":2,"minecraft:stone_axe":1,"minecraft:iron_sword":1,"minecraft:iron_pickaxe":1},"minecraft:mined":{"minecraft:nether_gold_ore":7,"minecraft:tuff":46,"minecraft:spruce_planks":39,"minecraft:mossy_cobblestone":1,"minecraft:deepslate_diamond_ore":54,"minecraft:cobblestone_stairs":20,"minecraft:jack_o_lantern":2,"minecraft:obsidian":1,"minecraft:granite":14,"minecraft:grass_block":67,"minecraft:spruce_fence":2,"minecraft:soul_soil":19,"minecraft:spruce_leaves":11,"minecraft:spawner":2,"minecraft:large_fern":21,"minecraft:furnace":6,"minecraft:iron_ore":41,"minecraft:cobbled_deepslate":15,"minecraft:fire":264,"minecraft:andesite":9,"minecraft:pumpkin":9,"minecraft:deepslate_lapis_ore":6,"minecraft:deepslate_iron_ore":14,"minecraft:rail":2,"minecraft:stone":318,"minecraft:smithing_table":1,"minecraft:blackstone":34,"minecraft:soul_sand":14,"minecraft:medium_amethyst_bud":1,"minecraft:soul_fire":9,"minecraft:amethyst_cluster":3,"minecraft:oak_fence":1,"minecraft:clay":1,"minecraft:crafting_table":12,"minecraft:torch":10,"minecraft:short_grass":13,"minecraft:emerald_ore":2,"minecraft:calcite":1,"minecraft:nether_quartz_ore":5,"minecraft:tall_grass":2,"minecraft:cobblestone":22,"minecraft:deepslate_gold_ore":36,"minecraft:oak_planks":2,"minecraft:sugar_cane":11,"minecraft:diorite":3,"minecraft:wall_torch":10,"minecraft:blue_bed":6,"minecraft:amethyst_block":1,"minecraft:seagrass":1,"minecraft:purple_bed":6,"minecraft:wheat":1,"minecraft:sweet_berry_bush":24,"minecraft:spruce_log":84,"minecraft:oak_log":5,"minecraft:coal_ore":73,"minecraft:gravel":16,"minecraft:sand":8,"minecraft:dirt":42,"minecraft:cobweb":1,"minecraft:stonecutter":1,"minecraft:netherrack":749,"minecraft:ancient_debris":2,"minecraft:deepslate":117,"minecraft:fern":8},"minecraft:used":{"minecraft:stone_sword":165,"minecraft:enchanting_table":1,"minecraft:iron_shovel":40,"minecraft:flint_and_steel":1,"minecraft:chest":2,"minecraft:spruce_planks":120,"minecraft:shield":63,"minecraft:iron_sword":658,"minecraft:cooked_chicken":3,"minecraft:netherrack":291,"minecraft:torch":71,"minecraft:soul_sand":3,"minecraft:dirt":28,"minecraft:tuff":22,"minecraft:spruce_fence":32,"minecraft:lava_bucket":12,"minecraft:iron_axe":58,"minecraft:iron_helmet":1,"minecraft:iron_boots":1,"minecraft:bow":7,"minecraft:sweet_berries":55,"minecraft:soul_soil":3,"minecraft:furnace":8,"minecraft:egg":2,"minecraft:cooked_beef":13,"minecraft:cobbled_deepslate":102,"minecraft:iron_leggings":2,"minecraft:wheat_seeds":1,"minecraft:cooked_mutton":6,"minecraft:water_bucket":1,"minecraft:amethyst_block":1,"minecraft:cobblestone_stairs":80,"minecraft:spruce_door":1,"minecraft:stone_pickaxe":267,"minecraft:wooden_pickaxe":12,"minecraft:sugar_cane":20,"minecraft:blue_bed":6,"minecraft:white_wool":4,"minecraft:mossy_cobblestone":1,"minecraft:crafting_table":13,"minecraft:white_bed":4,"minecraft:spruce_log":24,"minecraft:wooden_hoe":1,"minecraft:diamond_pickaxe":1075,"minecraft:iron_pickaxe":325,"minecraft:bread":24,"minecraft:gravel":19,"minecraft:spruce_sapling":3,"minecraft:stone_axe":125,"minecraft:wooden_sword":10,"minecraft:cobblestone":59,"minecraft:purple_bed":6,"minecraft:cooked_porkchop":7,"minecraft:smithing_table":1,"minecraft:bucket":13,"minecraft:glass_pane":4,"minecraft:bone_meal":3},"minecraft:custom":{"minecraft:interact_with_smithing_table":4,"minecraft:mob_kills":146,"minecraft:interact_with_crafting_table":60,"minecraft:leave_game":4,"minecraft:time_since_death":35008,"minecraft:climb_one_cm":1644,"minecraft:sprint_one_cm":691672,"minecraft:walk_one_cm":458610,"minecraft:damage_blocked_by_shield":2596,"minecraft:drop":15,"minecraft:play_time":225590,"minecraft:deaths":3,"minecraft:sneak_time":22439,"minecraft:walk_under_water_one_cm":3075,"minecraft:jump":4028,"minecraft:walk_on_water_one_cm":12600,"minecraft:total_world_time":225590,"minecraft:interact_with_furnace":52,"minecraft:interact_with_cartography_table":1,"minecraft:interact_with_grindstone":2,"minecraft:sleep_in_bed":5,"minecraft:time_since_rest":35037,"minecraft:damage_taken":4265,"minecraft:damage_dealt":24995,"minecraft:swim_one_cm":20169,"minecraft:fly_one_cm":614526,"minecraft:open_chest":64,"minecraft:crouch_one_cm":47832,"minecraft:fall_one_cm":89938},"minecraft:dropped":{"minecraft:soul_sand":3,"minecraft:granite":14,"minecraft:spruce_door":2,"minecraft:diorite":3,"minecraft:wooden_sword":1,"minecraft:pumpkin":2,"minecraft:string":1,"minecraft:bone":3,"minecraft:gravel":11,"minecraft:tuff":23,"minecraft:andesite":9,"minecraft:calcite":1},"minecraft:crafted":{"minecraft:wooden_sword":2,"minecraft:oak_planks":20,"minecraft:cooked_chicken":3,"minecraft:furnace":2,"minecraft:cobblestone_stairs":76,"minecraft:bone_meal":39,"minecraft:spruce_fence":30,"minecraft:cooked_mutton":5,"minecraft:flint_and_steel":1,"minecraft:glass_pane":16,"minecraft:glass":8,"minecraft:bow":1,"minecraft:iron_boots":2,"minecraft:iron_axe":1,"minecraft:stone_pickaxe":2,"minecraft:chest":2,"minecraft:cooked_beef":13,"minecraft:cooked_porkchop":16,"minecraft:crafting_table":1,"minecraft:spruce_planks":216,"minecraft:enchanting_table":1,"minecraft:iron_helmet":1,"minecraft:wooden_pickaxe":1,"minecraft:iron_sword":2,"minecraft:spruce_door":3,"minecraft:bucket":1,"minecraft:stone_axe":1,"minecraft:air":0,"minecraft:diamond_pickaxe":1,"minecraft:iron_chestplate":1,"minecraft:book":1,"minecraft:wooden_hoe":1,"minecraft:paper":6,"minecraft:golden_apple":2,"minecraft:shield":2,"minecraft:stick":88,"minecraft:iron_ingot":41,"minecraft:iron_pickaxe":2,"minecraft:stone_sword":1,"minecraft:iron_shovel":1,"minecraft:iron_leggings":2,"minecraft:gold_ingot":23,"minecraft:torch":44},"minecraft:picked_up":{"minecraft:crafting_table":12,"minecraft:iron_chestplate":4,"minecraft:wheat":1,"minecraft:chicken":3,"minecraft:clay_ball":18,"minecraft:smithing_table":1,"minecraft:potion":1,"minecraft:shield":3,"minecraft:amethyst_block":1,"minecraft:string":4,"minecraft:soul_soil":52,"minecraft:iron_axe":3,"minecraft:iron_leggings":2,"minecraft:armor_stand":2,"minecraft:iron_shovel":3,"minecraft:blackstone":59,"minecraft:gold_nugget":45,"minecraft:cobbled_deepslate":151,"minecraft:spruce_planks":39,"minecraft:beef":13,"minecraft:calcite":1,"minecraft:sugar_cane":26,"minecraft:furnace":6,"minecraft:egg":3,"minecraft:iron_boots":2,"minecraft:stick":16,"minecraft:raw_iron":58,"minecraft:oak_fence":1,"minecraft:torch":110,"minecraft:spruce_fence":2,"minecraft:porkchop":18,"minecraft:diorite":3,"minecraft:carrot":2,"minecraft:redstone":37,"minecraft:arrow":56,"minecraft:rotten_flesh":75,"minecraft:obsidian":1,"minecraft:mutton":9,"minecraft:rail":2,"minecraft:white_wool":4,"minecraft:cobblestone":340,"minecraft:feather":3,"minecraft:cooked_beef":4,"minecraft:andesite":9,"minecraft:leather":9,"minecraft:flint":5,"minecraft:tuff":48,"minecraft:oak_log":5,"minecraft:ancient_debris":5,"minecraft:lapis_lazuli":42,"minecraft:gunpowder":2,"minecraft:cobblestone_stairs":20,"minecraft:dirt":131,"minecraft:blue_bed":8,"minecraft:cooked_mutton":1,"minecraft:bone":19,"minecraft:apple":2,"minecraft:stonecutter":1,"minecraft:bow":5,"minecraft:wheat_seeds":8,"minecraft:raw_gold":36,"minecraft:iron_ingot":9,"minecraft:cooked_chicken":3,"minecraft:oak_planks":2,"minecraft:glass_bottle":3,"minecraft:iron_sword":3,"minecraft:soul_sand":28,"minecraft:cooked_porkchop":14,"minecraft:pumpkin":9,"minecraft:sweet_berries":55,"minecraft:quartz":14,"minecraft:gravel":40,"minecraft:sand":8,"minecraft:amethyst_shard":12,"minecraft:spruce_sapling":8,"minecraft:spruce_log":84,"minecraft:spider_eye":2,"minecraft:mossy_cobblestone":1,"minecraft:purple_bed":8,"minecraft:slime_ball":3,"minecraft:diamond":54,"minecraft:iron_helmet":4,"minecraft:granite":14,"minecraft:golden_apple":3,"minecraft:emerald":2,"minecraft:bread":3,"minecraft:jack_o_lantern":2,"minecraft:netherrack":1530,"minecraft:coal":174,"minecraft:diamond_pickaxe":3},"minecraft:killed":{"minecraft:cave_spider":1,"minecraft:witch":4,"minecraft:spider":5,"minecraft:slime":1,"minecraft:skeleton":22,"minecraft:chicken":3,"minecraft:magma_cube":1,"minecraft:piglin":2,"minecraft:pig":10,"minecraft:iron_golem":1,"minecraft:creeper":1,"minecraft:sheep":4,"minecraft:zombie":75,"minecraft:ghast":1,"minecraft:cow":6}},"DataVersion":3953}