{"stats":{"minecraft:picked_up":{"minecraft:crafting_table":12,"minecraft:clay_ball":18,"minecraft:leather":9,"minecraft:potion":1,"minecraft:tuff":23,"minecraft:oak_log":5,"minecraft:gunpowder":2,"minecraft:cobblestone_stairs":20,"minecraft:amethyst_block":1,"minecraft:dirt":62,"minecraft:string":3,"minecraft:cooked_mutton":1,"minecraft:bone":10,"minecraft:bow":2,"minecraft:wheat_seeds":1,"minecraft:cobbled_deepslate":102,"minecraft:raw_gold":23,"minecraft:spruce_planks":39,"minecraft:beef":13,"minecraft:iron_ingot":4,"minecraft:glass_bottle":3,"minecraft:furnace":6,"minecraft:raw_iron":41,"minecraft:pumpkin":7,"minecraft:sweet_berries":55,"minecraft:sand":8,"minecraft:torch":17,"minecraft:porkchop":2,"minecraft:gravel":1,"minecraft:amethyst_shard":12,"minecraft:carrot":1,"minecraft:spruce_log":53,"minecraft:redstone":21,"minecraft:mossy_cobblestone":1,"minecraft:spider_eye":1,"minecraft:purple_bed":1,"minecraft:arrow":15,"minecraft:rotten_flesh":59,"minecraft:slime_ball":3,"minecraft:diamond":41,"minecraft:jack_o_lantern":2,"minecraft:mutton":9,"minecraft:coal":174,"minecraft:white_wool":4,"minecraft:cobblestone":201},"minecraft:used":{"minecraft:cooked_mutton":6,"minecraft:amethyst_block":1,"minecraft:stone_sword":165,"minecraft:iron_shovel":23,"minecraft:cobblestone_stairs":80,"minecraft:spruce_door":1,"minecraft:stone_pickaxe":267,"minecraft:chest":2,"minecraft:spruce_planks":120,"minecraft:shield":49,"minecraft:wooden_pickaxe":12,"minecraft:iron_sword":248,"minecraft:white_wool":4,"minecraft:torch":33,"minecraft:mossy_cobblestone":1,"minecraft:dirt":22,"minecraft:crafting_table":13,"minecraft:tuff":22,"minecraft:spruce_log":15,"minecraft:iron_axe":3,"minecraft:bread":13,"minecraft:iron_pickaxe":255,"minecraft:iron_helmet":1,"minecraft:iron_boots":1,"minecraft:stone_axe":125,"minecraft:cobblestone":59,"minecraft:purple_bed":1,"minecraft:sweet_berries":55,"minecraft:furnace":8,"minecraft:glass_pane":4,"minecraft:cooked_beef":3,"minecraft:cobbled_deepslate":102,"minecraft:iron_leggings":1},"minecraft:mined":{"minecraft:tuff":21,"minecraft:spruce_planks":39,"minecraft:mossy_cobblestone":1,"minecraft:deepslate_diamond_ore":41,"minecraft:cobblestone_stairs":20,"minecraft:medium_amethyst_bud":1,"minecraft:amethyst_cluster":3,"minecraft:jack_o_lantern":2,"minecraft:clay":1,"minecraft:crafting_table":12,"minecraft:torch":8,"minecraft:short_grass":1,"minecraft:grass_block":46,"minecraft:tall_grass":1,"minecraft:cobblestone":22,"minecraft:spruce_leaves":5,"minecraft:deepslate_gold_ore":23,"minecraft:wall_torch":4,"minecraft:amethyst_block":1,"minecraft:spawner":1,"minecraft:large_fern":14,"minecraft:seagrass":1,"minecraft:purple_bed":1,"minecraft:furnace":6,"minecraft:iron_ore":35,"minecraft:cobbled_deepslate":15,"minecraft:sweet_berry_bush":24,"minecraft:spruce_log":54,"minecraft:pumpkin":7,"minecraft:oak_log":5,"minecraft:coal_ore":73,"minecraft:deepslate_iron_ore":3,"minecraft:sand":8,"minecraft:gravel":1,"minecraft:dirt":16,"minecraft:stone":179,"minecraft:fern":5,"minecraft:deepslate":79},"minecraft:broken":{"minecraft:stone_pickaxe":2,"minecraft:stone_axe":1,"minecraft:stone_sword":1,"minecraft:iron_sword":1,"minecraft:iron_pickaxe":1},"minecraft:dropped":{"minecraft:gravel":1,"minecraft:tuff":1,"minecraft:spruce_door":2},"minecraft:custom":{"minecraft:interact_with_furnace":36,"minecraft:mob_kills":106,"minecraft:interact_with_cartography_table":1,"minecraft:interact_with_crafting_table":40,"minecraft:interact_with_grindstone":2,"minecraft:time_since_death":110900,"minecraft:sleep_in_bed":1,"minecraft:climb_one_cm":992,"minecraft:time_since_rest":27227,"minecraft:sprint_one_cm":276690,"minecraft:damage_taken":1726,"minecraft:walk_one_cm":212310,"minecraft:damage_blocked_by_shield":1742,"minecraft:drop":3,"minecraft:damage_dealt":18169,"minecraft:swim_one_cm":411,"minecraft:fly_one_cm":261209,"minecraft:open_chest":32,"minecraft:crouch_one_cm":27225,"minecraft:play_time":110900,"minecraft:sneak_time":14413,"minecraft:walk_under_water_one_cm":143,"minecraft:jump":1638,"minecraft:walk_on_water_one_cm":6832,"minecraft:total_world_time":110900,"minecraft:fall_one_cm":37613},"minecraft:killed":{"minecraft:pig":2,"minecraft:witch":3,"minecraft:spider":3,"minecraft:slime":1,"minecraft:creeper":1,"minecraft:sheep":4,"minecraft:skeleton":16,"minecraft:zombie":61,"minecraft:cow":6},"minecraft:crafted":{"minecraft:cooked_beef":13,"minecraft:wooden_sword":1,"minecraft:oak_planks":20,"minecraft:crafting_table":1,"minecraft:spruce_planks":144,"minecraft:iron_helmet":1,"minecraft:wooden_pickaxe":1,"minecraft:iron_sword":2,"minecraft:spruce_door":3,"minecraft:furnace":2,"minecraft:cobblestone_stairs":76,"minecraft:stone_axe":1,"minecraft:glass_pane":16,"minecraft:cooked_mutton":5,"minecraft:air":0,"minecraft:glass":8,"minecraft:golden_apple":2,"minecraft:bow":1,"minecraft:iron_boots":1,"minecraft:iron_chestplate":1,"minecraft:shield":1,"minecraft:iron_axe":1,"minecraft:stick":36,"minecraft:iron_ingot":35,"minecraft:iron_pickaxe":2,"minecraft:stone_pickaxe":2,"minecraft:stone_sword":1,"minecraft:iron_shovel":1,"minecraft:chest":2,"minecraft:gold_ingot":23,"minecraft:iron_leggings":1,"minecraft:torch":44}},"DataVersion":3953}