{"stats":{"minecraft:picked_up":{"minecraft:crafting_table":12,"minecraft:clay_ball":18,"minecraft:potion":1,"minecraft:tuff":23,"minecraft:oak_log":5,"minecraft:gunpowder":2,"minecraft:amethyst_block":1,"minecraft:dirt":4,"minecraft:string":2,"minecraft:cooked_mutton":1,"minecraft:bone":9,"minecraft:bow":1,"minecraft:cobbled_deepslate":97,"minecraft:raw_gold":23,"minecraft:spruce_planks":14,"minecraft:iron_ingot":4,"minecraft:glass_bottle":2,"minecraft:furnace":6,"minecraft:raw_iron":41,"minecraft:sweet_berries":55,"minecraft:torch":17,"minecraft:gravel":1,"minecraft:amethyst_shard":12,"minecraft:spruce_log":9,"minecraft:redstone":14,"minecraft:spider_eye":1,"minecraft:arrow":11,"minecraft:rotten_flesh":50,"minecraft:slime_ball":3,"minecraft:diamond":34,"minecraft:mutton":9,"minecraft:coal":174,"minecraft:white_wool":4,"minecraft:cobblestone":75},"minecraft:used":{"minecraft:cooked_mutton":6,"minecraft:amethyst_block":1,"minecraft:stone_sword":165,"minecraft:stone_pickaxe":212,"minecraft:spruce_planks":21,"minecraft:shield":49,"minecraft:wooden_pickaxe":12,"minecraft:iron_sword":181,"minecraft:white_wool":4,"minecraft:torch":33,"minecraft:dirt":4,"minecraft:crafting_table":12,"minecraft:tuff":18,"minecraft:bread":10,"minecraft:iron_pickaxe":147,"minecraft:iron_helmet":1,"minecraft:iron_boots":1,"minecraft:stone_axe":44,"minecraft:cobblestone":56,"minecraft:sweet_berries":45,"minecraft:furnace":6,"minecraft:cobbled_deepslate":97,"minecraft:iron_leggings":1},"minecraft:mined":{"minecraft:tuff":21,"minecraft:spruce_planks":14,"minecraft:deepslate_diamond_ore":34,"minecraft:medium_amethyst_bud":1,"minecraft:amethyst_cluster":3,"minecraft:clay":1,"minecraft:crafting_table":12,"minecraft:torch":8,"minecraft:grass_block":1,"minecraft:tall_grass":1,"minecraft:cobblestone":8,"minecraft:spruce_leaves":2,"minecraft:deepslate_gold_ore":23,"minecraft:wall_torch":4,"minecraft:amethyst_block":1,"minecraft:spawner":1,"minecraft:large_fern":9,"minecraft:furnace":6,"minecraft:iron_ore":35,"minecraft:cobbled_deepslate":14,"minecraft:sweet_berry_bush":22,"minecraft:spruce_log":9,"minecraft:oak_log":5,"minecraft:coal_ore":73,"minecraft:deepslate_iron_ore":3,"minecraft:gravel":1,"minecraft:dirt":3,"minecraft:stone":67,"minecraft:fern":4,"minecraft:deepslate":75},"minecraft:broken":{"minecraft:stone_pickaxe":1,"minecraft:stone_sword":1},"minecraft:dropped":{"minecraft:gravel":1,"minecraft:tuff":1},"minecraft:custom":{"minecraft:interact_with_furnace":26,"minecraft:mob_kills":86,"minecraft:interact_with_crafting_table":21,"minecraft:time_since_death":75199,"minecraft:climb_one_cm":24,"minecraft:time_since_rest":75199,"minecraft:sprint_one_cm":178753,"minecraft:damage_taken":1380,"minecraft:walk_one_cm":139702,"minecraft:damage_blocked_by_shield":1742,"minecraft:drop":2,"minecraft:damage_dealt":15204,"minecraft:fly_one_cm":163798,"minecraft:open_chest":1,"minecraft:crouch_one_cm":19285,"minecraft:play_time":75199,"minecraft:sneak_time":11486,"minecraft:jump":1221,"minecraft:walk_on_water_one_cm":4224,"minecraft:total_world_time":75199,"minecraft:fall_one_cm":30045},"minecraft:killed":{"minecraft:witch":2,"minecraft:spider":2,"minecraft:slime":1,"minecraft:creeper":1,"minecraft:sheep":4,"minecraft:skeleton":14,"minecraft:zombie":53},"minecraft:crafted":{"minecraft:wooden_sword":1,"minecraft:oak_planks":20,"minecraft:crafting_table":1,"minecraft:spruce_planks":28,"minecraft:iron_helmet":1,"minecraft:wooden_pickaxe":1,"minecraft:iron_sword":1,"minecraft:furnace":1,"minecraft:stone_axe":1,"minecraft:cooked_mutton":5,"minecraft:air":0,"minecraft:iron_boots":1,"minecraft:iron_chestplate":1,"minecraft:shield":1,"minecraft:stick":28,"minecraft:iron_ingot":35,"minecraft:iron_pickaxe":1,"minecraft:stone_pickaxe":2,"minecraft:stone_sword":1,"minecraft:iron_leggings":1,"minecraft:torch":44}},"DataVersion":3953}