{"stats":{"minecraft:picked_up":{"minecraft:crafting_table":8,"minecraft:ladder":1,"minecraft:wooden_pickaxe":1,"minecraft:shield":3,"minecraft:cornflower":1,"minecraft:string":1,"minecraft:flint_and_steel":1,"minecraft:beetroot":1,"minecraft:cobbled_deepslate":36,"minecraft:bucket":1,"minecraft:beef":26,"minecraft:oak_boat":4,"minecraft:poppy":2,"minecraft:iron_pickaxe":1,"minecraft:sugar_cane":5,"minecraft:chest":1,"minecraft:egg":2,"minecraft:furnace":7,"minecraft:raw_iron":187,"minecraft:stick":2,"minecraft:torch":21,"minecraft:porkchop":2,"minecraft:diorite":23,"minecraft:carrot":3,"minecraft:redstone":13,"minecraft:rotten_flesh":5,"minecraft:stone_sword":1,"minecraft:arrow":5,"minecraft:stone_shovel":1,"minecraft:beetroot_seeds":7,"minecraft:mutton":10,"minecraft:obsidian":16,"minecraft:white_wool":11,"minecraft:cobblestone":235,"minecraft:stripped_oak_log":5,"minecraft:andesite":2,"minecraft:leather":29,"minecraft:potato":28,"minecraft:oak_log":97,"minecraft:tuff":2,"minecraft:cobblestone_stairs":1,"minecraft:lapis_lazuli":122,"minecraft:dirt":556,"minecraft:cooked_mutton":4,"minecraft:bone":3,"minecraft:apple":25,"minecraft:bow":1,"minecraft:wheat_seeds":20,"minecraft:raw_gold":11,"minecraft:iron_ingot":20,"minecraft:stone_pickaxe":1,"minecraft:oak_planks":81,"minecraft:dandelion":7,"minecraft:amethyst_shard":24,"minecraft:spider_eye":1,"minecraft:mossy_cobblestone":7,"minecraft:diamond":15,"minecraft:stone_axe":2,"minecraft:granite":58,"minecraft:bread":146,"minecraft:oak_sapling":8,"minecraft:black_wool":2,"minecraft:coal":84},"minecraft:used":{"minecraft:beetroot":1,"minecraft:stone_sword":26,"minecraft:ladder":3,"minecraft:chest":9,"minecraft:shield":22,"minecraft:torch":7,"minecraft:dirt":21,"minecraft:tuff":2,"minecraft:granite":4,"minecraft:obsidian":11,"minecraft:lava_bucket":10,"minecraft:furnace":9,"minecraft:cooked_beef":2,"minecraft:potato":1,"minecraft:cobbled_deepslate":15,"minecraft:cooked_mutton":2,"minecraft:water_bucket":5,"minecraft:diorite":3,"minecraft:stone_pickaxe":105,"minecraft:oak_planks":21,"minecraft:wooden_pickaxe":7,"minecraft:cobblestone_slab":5,"minecraft:diamond_axe":19,"minecraft:mossy_cobblestone":1,"minecraft:crafting_table":9,"minecraft:diamond_pickaxe":256,"minecraft:apple":9,"minecraft:bread":20,"minecraft:iron_pickaxe":132,"minecraft:stone_axe":100,"minecraft:cobblestone":166,"minecraft:cooked_porkchop":2,"minecraft:bucket":16,"minecraft:andesite":1,"minecraft:oak_boat":4},"minecraft:mined":{"minecraft:tuff":3,"minecraft:mossy_cobblestone":1,"minecraft:deepslate_diamond_ore":15,"minecraft:obsidian":16,"minecraft:granite":32,"minecraft:grass_block":11,"minecraft:furnace":5,"minecraft:iron_ore":121,"minecraft:andesite":2,"minecraft:deepslate_lapis_ore":9,"minecraft:deepslate_iron_ore":48,"minecraft:stripped_oak_log":5,"minecraft:stone":123,"minecraft:deepslate_redstone_ore":3,"minecraft:amethyst_cluster":6,"minecraft:crafting_table":7,"minecraft:torch":1,"minecraft:short_grass":2,"minecraft:chest":1,"minecraft:cobblestone":21,"minecraft:tall_grass":6,"minecraft:deepslate_gold_ore":5,"minecraft:lapis_ore":5,"minecraft:oak_planks":3,"minecraft:sugar_cane":4,"minecraft:diorite":3,"minecraft:wall_torch":1,"minecraft:amethyst_block":1,"minecraft:coal_ore":35,"minecraft:oak_log":39,"minecraft:dirt":10,"minecraft:gold_ore":4,"minecraft:oak_leaves":3,"minecraft:deepslate":36},"minecraft:killed":{"minecraft:spider":3,"minecraft:skeleton":5,"minecraft:chicken":1,"minecraft:pig":1,"minecraft:iron_golem":1,"minecraft:sheep":6,"minecraft:zombie":10,"minecraft:cow":12},"minecraft:crafted":{"minecraft:oak_planks":304,"minecraft:cobblestone_slab":6,"minecraft:furnace":4,"minecraft:cooked_mutton":5,"minecraft:iron_boots":2,"minecraft:ladder":6,"minecraft:stone_pickaxe":1,"minecraft:chest":8,"minecraft:cooked_beef":9,"minecraft:cooked_porkchop":2,"minecraft:diamond_axe":2,"minecraft:crafting_table":3,"minecraft:wooden_pickaxe":1,"minecraft:iron_helmet":2,"minecraft:bucket":2,"minecraft:stone_axe":2,"minecraft:air":0,"minecraft:oak_boat":1,"minecraft:iron_chestplate":2,"minecraft:diamond_pickaxe":2,"minecraft:shield":2,"minecraft:stick":52,"minecraft:iron_ingot":90,"minecraft:iron_pickaxe":2,"minecraft:stone_sword":1,"minecraft:iron_leggings":2,"minecraft:torch":24},"minecraft:dropped":{"minecraft:bread":2,"minecraft:wheat_seeds":3,"minecraft:diamond_axe":1,"minecraft:iron_helmet":1,"minecraft:cobblestone":5,"minecraft:stick":5,"minecraft:diorite":20,"minecraft:iron_leggings":1,"minecraft:redstone":13,"minecraft:oak_planks":69,"minecraft:iron_boots":1,"minecraft:shield":1,"minecraft:iron_chestplate":1,"minecraft:diamond_pickaxe":1,"minecraft:spider_eye":1,"minecraft:beef":17},"minecraft:custom":{"minecraft:mob_kills":40,"minecraft:interact_with_crafting_table":29,"minecraft:leave_game":1,"minecraft:time_since_death":56839,"minecraft:climb_one_cm":165,"minecraft:sprint_one_cm":327173,"minecraft:walk_one_cm":140608,"minecraft:damage_blocked_by_shield":1760,"minecraft:drop":21,"minecraft:talked_to_villager":1,"minecraft:play_time":88813,"minecraft:deaths":2,"minecraft:sneak_time":7386,"minecraft:walk_under_water_one_cm":4050,"minecraft:boat_one_cm":5203,"minecraft:jump":2344,"minecraft:walk_on_water_one_cm":15269,"minecraft:total_world_time":88813,"minecraft:interact_with_furnace":49,"minecraft:time_since_rest":56887,"minecraft:damage_taken":1742,"minecraft:damage_dealt":6460,"minecraft:swim_one_cm":6839,"minecraft:fly_one_cm":472983,"minecraft:open_chest":26,"minecraft:crouch_one_cm":16660,"minecraft:fall_one_cm":56095},"minecraft:killed_by":{"minecraft:hoglin":1}},"DataVersion":3953}