{"stats":{"minecraft:used":{"minecraft:cooked_mutton":2,"minecraft:apple":2,"minecraft:stone_sword":26,"minecraft:iron_pickaxe":35,"minecraft:stone_pickaxe":105,"minecraft:oak_planks":5,"minecraft:wooden_pickaxe":7,"minecraft:torch":2,"minecraft:stone_axe":60,"minecraft:dirt":10,"minecraft:cobblestone":17,"minecraft:crafting_table":3,"minecraft:furnace":2,"minecraft:cooked_porkchop":2},"minecraft:picked_up":{"minecraft:stripped_oak_log":5,"minecraft:crafting_table":2,"minecraft:leather":10,"minecraft:torch":2,"minecraft:porkchop":2,"minecraft:oak_log":42,"minecraft:dirt":21,"minecraft:wheat_seeds":4,"minecraft:granite":27,"minecraft:iron_ingot":4,"minecraft:beef":17,"minecraft:bread":53,"minecraft:coal":28,"minecraft:oak_sapling":4,"minecraft:black_wool":1,"minecraft:mutton":10,"minecraft:oak_planks":37,"minecraft:white_wool":5,"minecraft:cobblestone":78,"minecraft:furnace":1},"minecraft:mined":{"minecraft:furnace":1,"minecraft:torch":1,"minecraft:crafting_table":2,"minecraft:granite":30,"minecraft:short_grass":2,"minecraft:coal_ore":28,"minecraft:grass_block":3,"minecraft:oak_log":39,"minecraft:dirt":3,"minecraft:stripped_oak_log":5,"minecraft:tall_grass":4,"minecraft:cobblestone":2,"minecraft:stone":83,"minecraft:wall_torch":1,"minecraft:oak_leaves":3},"minecraft:crafted":{"minecraft:oak_planks":136,"minecraft:cooked_porkchop":2,"minecraft:shield":1,"minecraft:crafting_table":1,"minecraft:stick":20,"minecraft:iron_pickaxe":1,"minecraft:wooden_pickaxe":1,"minecraft:stone_pickaxe":1,"minecraft:stone_sword":1,"minecraft:furnace":1,"minecraft:torch":4,"minecraft:stone_axe":1,"minecraft:cooked_mutton":5,"minecraft:air":0},"minecraft:killed":{"minecraft:sheep":6,"minecraft:pig":1,"minecraft:iron_golem":1,"minecraft:cow":7},"minecraft:dropped":{"minecraft:bread":2,"minecraft:shield":1,"minecraft:wheat_seeds":2,"minecraft:cobblestone":5,"minecraft:oak_planks":69,"minecraft:beef":17,"minecraft:stick":5},"minecraft:custom":{"minecraft:time_since_rest":22813,"minecraft:interact_with_furnace":9,"minecraft:sprint_one_cm":81631,"minecraft:damage_taken":242,"minecraft:walk_one_cm":33313,"minecraft:mob_kills":15,"minecraft:drop":11,"minecraft:damage_dealt":2360,"minecraft:interact_with_crafting_table":8,"minecraft:fly_one_cm":83245,"minecraft:open_chest":1,"minecraft:crouch_one_cm":6427,"minecraft:play_time":22813,"minecraft:sneak_time":3282,"minecraft:jump":450,"minecraft:leave_game":1,"minecraft:time_since_death":22813,"minecraft:total_world_time":22813,"minecraft:fall_one_cm":10127}},"DataVersion":3953}