{"stats":{"minecraft:used":{"minecraft:stone_sword":1,"minecraft:stone_pickaxe":18,"minecraft:wooden_pickaxe":7,"minecraft:stone_axe":34,"minecraft:dirt":10,"minecraft:crafting_table":2,"minecraft:furnace":1,"minecraft:cooked_porkchop":2},"minecraft:picked_up":{"minecraft:crafting_table":2,"minecraft:porkchop":2,"minecraft:oak_log":29,"minecraft:dirt":21,"minecraft:wheat_seeds":1,"minecraft:oak_sapling":4,"minecraft:oak_planks":1,"minecraft:cobblestone":21,"minecraft:furnace":1},"minecraft:mined":{"minecraft:furnace":1,"minecraft:crafting_table":2,"minecraft:short_grass":1,"minecraft:grass_block":3,"minecraft:oak_log":26,"minecraft:dirt":3,"minecraft:stone":23,"minecraft:oak_leaves":3},"minecraft:killed":{"minecraft:pig":1},"minecraft:crafted":{"minecraft:oak_planks":16,"minecraft:cooked_porkchop":2,"minecraft:crafting_table":1,"minecraft:stick":12,"minecraft:wooden_pickaxe":1,"minecraft:stone_pickaxe":1,"minecraft:stone_sword":1,"minecraft:furnace":1,"minecraft:stone_axe":1,"minecraft:air":0},"minecraft:dropped":{"minecraft:cobblestone":3},"minecraft:custom":{"minecraft:time_since_rest":10813,"minecraft:interact_with_furnace":4,"minecraft:sprint_one_cm":37186,"minecraft:damage_taken":202,"minecraft:walk_one_cm":17644,"minecraft:mob_kills":1,"minecraft:drop":2,"minecraft:damage_dealt":180,"minecraft:interact_with_crafting_table":7,"minecraft:fly_one_cm":31563,"minecraft:crouch_one_cm":37,"minecraft:play_time":10813,"minecraft:sneak_time":15,"minecraft:jump":192,"minecraft:leave_game":1,"minecraft:time_since_death":10813,"minecraft:total_world_time":10813,"minecraft:fall_one_cm":4762}},"DataVersion":3953}