{"stats":{"minecraft:used":{"minecraft:cooked_mutton":2,"minecraft:water_bucket":2,"minecraft:diorite":3,"minecraft:stone_sword":26,"minecraft:stone_pickaxe":105,"minecraft:oak_planks":21,"minecraft:shield":15,"minecraft:wooden_pickaxe":7,"minecraft:torch":7,"minecraft:dirt":10,"minecraft:crafting_table":8,"minecraft:tuff":2,"minecraft:granite":3,"minecraft:diamond_pickaxe":218,"minecraft:lava_bucket":9,"minecraft:apple":2,"minecraft:bread":17,"minecraft:iron_pickaxe":132,"minecraft:stone_axe":95,"minecraft:cobblestone":42,"minecraft:furnace":6,"minecraft:cooked_porkchop":2,"minecraft:andesite":1,"minecraft:bucket":12,"minecraft:cobbled_deepslate":5},"minecraft:picked_up":{"minecraft:stripped_oak_log":5,"minecraft:crafting_table":8,"minecraft:andesite":2,"minecraft:leather":23,"minecraft:wooden_pickaxe":1,"minecraft:potato":22,"minecraft:tuff":2,"minecraft:oak_log":68,"minecraft:shield":3,"minecraft:string":1,"minecraft:lapis_lazuli":122,"minecraft:dirt":34,"minecraft:cooked_mutton":4,"minecraft:bone":1,"minecraft:apple":25,"minecraft:wheat_seeds":8,"minecraft:cobbled_deepslate":36,"minecraft:raw_gold":11,"minecraft:bucket":1,"minecraft:stone_pickaxe":1,"minecraft:beef":17,"minecraft:iron_ingot":20,"minecraft:iron_pickaxe":1,"minecraft:oak_planks":80,"minecraft:furnace":7,"minecraft:raw_iron":186,"minecraft:torch":21,"minecraft:porkchop":2,"minecraft:amethyst_shard":24,"minecraft:diorite":3,"minecraft:redstone":13,"minecraft:stone_sword":1,"minecraft:arrow":2,"minecraft:rotten_flesh":5,"minecraft:diamond":15,"minecraft:stone_axe":1,"minecraft:granite":57,"minecraft:bread":146,"minecraft:obsidian":15,"minecraft:oak_sapling":8,"minecraft:black_wool":2,"minecraft:mutton":10,"minecraft:coal":69,"minecraft:white_wool":11,"minecraft:cobblestone":145},"minecraft:mined":{"minecraft:deepslate_redstone_ore":3,"minecraft:tuff":2,"minecraft:deepslate_diamond_ore":15,"minecraft:amethyst_cluster":6,"minecraft:obsidian":15,"minecraft:crafting_table":7,"minecraft:torch":1,"minecraft:granite":31,"minecraft:short_grass":2,"minecraft:grass_block":3,"minecraft:tall_grass":5,"minecraft:cobblestone":3,"minecraft:lapis_ore":5,"minecraft:deepslate_gold_ore":5,"minecraft:oak_planks":3,"minecraft:diorite":3,"minecraft:wall_torch":1,"minecraft:amethyst_block":1,"minecraft:furnace":5,"minecraft:iron_ore":120,"minecraft:andesite":2,"minecraft:deepslate_lapis_ore":9,"minecraft:oak_log":39,"minecraft:coal_ore":35,"minecraft:deepslate_iron_ore":48,"minecraft:dirt":3,"minecraft:stripped_oak_log":5,"minecraft:stone":108,"minecraft:gold_ore":4,"minecraft:deepslate":36,"minecraft:oak_leaves":3},"minecraft:killed":{"minecraft:pig":1,"minecraft:spider":3,"minecraft:iron_golem":1,"minecraft:sheep":6,"minecraft:skeleton":2,"minecraft:zombie":8,"minecraft:chicken":1,"minecraft:cow":7},"minecraft:crafted":{"minecraft:oak_planks":188,"minecraft:cooked_porkchop":2,"minecraft:crafting_table":3,"minecraft:wooden_pickaxe":1,"minecraft:iron_helmet":1,"minecraft:furnace":4,"minecraft:bucket":2,"minecraft:stone_axe":2,"minecraft:cooked_mutton":5,"minecraft:air":0,"minecraft:iron_chestplate":1,"minecraft:iron_boots":1,"minecraft:diamond_pickaxe":1,"minecraft:shield":2,"minecraft:stick":28,"minecraft:iron_ingot":24,"minecraft:iron_pickaxe":2,"minecraft:stone_pickaxe":1,"minecraft:stone_sword":1,"minecraft:iron_leggings":1,"minecraft:torch":24},"minecraft:dropped":{"minecraft:bread":2,"minecraft:wheat_seeds":3,"minecraft:cobblestone":5,"minecraft:oak_planks":69,"minecraft:stick":5,"minecraft:shield":1,"minecraft:beef":17},"minecraft:custom":{"minecraft:interact_with_furnace":27,"minecraft:mob_kills":30,"minecraft:interact_with_crafting_table":18,"minecraft:leave_game":1,"minecraft:time_since_death":32839,"minecraft:time_since_rest":32887,"minecraft:sprint_one_cm":247820,"minecraft:damage_taken":1391,"minecraft:walk_one_cm":99769,"minecraft:damage_blocked_by_shield":1385,"minecraft:drop":12,"minecraft:damage_dealt":4960,"minecraft:swim_one_cm":1084,"minecraft:fly_one_cm":290286,"minecraft:open_chest":1,"minecraft:crouch_one_cm":14896,"minecraft:play_time":64813,"minecraft:deaths":2,"minecraft:sneak_time":6820,"minecraft:walk_under_water_one_cm":3132,"minecraft:jump":1602,"minecraft:walk_on_water_one_cm":11101,"minecraft:total_world_time":64813,"minecraft:fall_one_cm":40241},"minecraft:killed_by":{"minecraft:hoglin":1}},"DataVersion":3953}