{"stats":{"minecraft:picked_up":{"minecraft:crafting_table":8,"minecraft:azure_bluet":2,"minecraft:ladder":1,"minecraft:redstone_lamp":1,"minecraft:wooden_pickaxe":1,"minecraft:oak_stairs":4,"minecraft:shield":3,"minecraft:cornflower":3,"minecraft:string":2,"minecraft:flint_and_steel":1,"minecraft:sticky_piston":1,"minecraft:beetroot":1,"minecraft:cobbled_deepslate":36,"minecraft:bucket":1,"minecraft:beef":26,"minecraft:oak_boat":4,"minecraft:poppy":4,"minecraft:iron_pickaxe":1,"minecraft:sugar_cane":5,"minecraft:chest":1,"minecraft:egg":2,"minecraft:furnace":7,"minecraft:raw_iron":187,"minecraft:stick":2,"minecraft:torch":25,"minecraft:porkchop":2,"minecraft:cherry_log":1,"minecraft:diorite":23,"minecraft:carrot":3,"minecraft:redstone":18,"minecraft:tnt":8,"minecraft:rotten_flesh":9,"minecraft:stone_sword":1,"minecraft:arrow":5,"minecraft:stone_shovel":1,"minecraft:beetroot_seeds":7,"minecraft:end_rod":51,"minecraft:mutton":10,"minecraft:obsidian":16,"minecraft:white_wool":11,"minecraft:cobblestone":275,"minecraft:stripped_oak_log":5,"minecraft:repeater":4,"minecraft:andesite":2,"minecraft:leather":29,"minecraft:potato":28,"minecraft:oak_log":100,"minecraft:tuff":2,"minecraft:cobblestone_stairs":1,"minecraft:lapis_lazuli":122,"minecraft:dirt":738,"minecraft:cooked_mutton":4,"minecraft:bone":3,"minecraft:apple":25,"minecraft:bow":1,"minecraft:wheat_seeds":40,"minecraft:raw_gold":11,"minecraft:oak_fence_gate":1,"minecraft:iron_ingot":20,"minecraft:stone_pickaxe":1,"minecraft:oak_planks":88,"minecraft:dandelion":9,"minecraft:amethyst_shard":24,"minecraft:spider_eye":1,"minecraft:mossy_cobblestone":7,"minecraft:diamond":16,"minecraft:stone_axe":2,"minecraft:lever":1,"minecraft:painting":11,"minecraft:granite":58,"minecraft:bread":146,"minecraft:oak_sapling":8,"minecraft:black_wool":2,"minecraft:coal":84},"minecraft:used":{"minecraft:beetroot":1,"minecraft:flint_and_steel":3,"minecraft:stone_sword":26,"minecraft:stone_shovel":14,"minecraft:redstone":7,"minecraft:ladder":3,"minecraft:chest":9,"minecraft:shield":30,"minecraft:stone_hoe":95,"minecraft:torch":8,"minecraft:dirt":132,"minecraft:carrot":1,"minecraft:tuff":2,"minecraft:axolotl_bucket":2,"minecraft:granite":4,"minecraft:oak_fence_gate":5,"minecraft:obsidian":75,"minecraft:lava_bucket":10,"minecraft:repeater":5,"minecraft:redstone_lamp":1,"minecraft:bow":30,"minecraft:furnace":9,"minecraft:cooked_beef":4,"minecraft:potato":8,"minecraft:cobbled_deepslate":15,"minecraft:wheat_seeds":35,"minecraft:cooked_mutton":2,"minecraft:water_bucket":7,"minecraft:diorite":3,"minecraft:end_rod":8,"minecraft:cobblestone_stairs":5,"minecraft:stone_pickaxe":105,"minecraft:oak_planks":21,"minecraft:wooden_pickaxe":7,"minecraft:redstone_block":3,"minecraft:cobblestone_slab":5,"minecraft:diamond_axe":53,"minecraft:pink_concrete":25,"minecraft:mossy_cobblestone":1,"minecraft:tnt":24,"minecraft:crafting_table":9,"minecraft:painting":10,"minecraft:redstone_torch":3,"minecraft:oak_log":21,"minecraft:lever":5,"minecraft:diamond_pickaxe":296,"minecraft:apple":19,"minecraft:bread":20,"minecraft:iron_pickaxe":132,"minecraft:stone_axe":100,"minecraft:cobblestone":520,"minecraft:cooked_porkchop":2,"minecraft:bucket":19,"minecraft:andesite":1,"minecraft:oak_boat":4},"minecraft:mined":{"minecraft:tuff":3,"minecraft:farmland":1,"minecraft:mossy_cobblestone":1,"minecraft:deepslate_diamond_ore":15,"minecraft:obsidian":16,"minecraft:granite":32,"minecraft:grass_block":27,"minecraft:calibrated_sculk_sensor":1,"minecraft:redstone_wire":3,"minecraft:furnace":5,"minecraft:iron_ore":121,"minecraft:fire":2,"minecraft:andesite":2,"minecraft:deepslate_lapis_ore":9,"minecraft:dirt_path":1,"minecraft:deepslate_iron_ore":48,"minecraft:stripped_oak_log":5,"minecraft:stone":123,"minecraft:deepslate_redstone_ore":3,"minecraft:amethyst_cluster":6,"minecraft:crafting_table":7,"minecraft:torch":1,"minecraft:short_grass":67,"minecraft:chest":1,"minecraft:cobblestone":59,"minecraft:tall_grass":18,"minecraft:deepslate_gold_ore":5,"minecraft:lapis_ore":5,"minecraft:oak_planks":3,"minecraft:sugar_cane":4,"minecraft:diorite":3,"minecraft:wall_torch":1,"minecraft:amethyst_block":1,"minecraft:tnt":8,"minecraft:coal_ore":35,"minecraft:oak_log":42,"minecraft:end_rod":2,"minecraft:dirt":13,"minecraft:gold_ore":4,"minecraft:oak_leaves":3,"minecraft:deepslate":36},"minecraft:killed":{"minecraft:spider":3,"minecraft:skeleton":5,"minecraft:chicken":1,"minecraft:axolotl":1,"minecraft:pig":1,"minecraft:iron_golem":1,"minecraft:sheep":6,"minecraft:zombie":15,"minecraft:cow":12},"minecraft:crafted":{"minecraft:oak_planks":304,"minecraft:stone_shovel":1,"minecraft:cobblestone_slab":6,"minecraft:furnace":4,"minecraft:lever":4,"minecraft:cooked_mutton":5,"minecraft:iron_boots":2,"minecraft:ladder":6,"minecraft:stone_pickaxe":1,"minecraft:chest":8,"minecraft:stone_hoe":1,"minecraft:oak_fence":24,"minecraft:cooked_beef":9,"minecraft:cooked_porkchop":2,"minecraft:diamond_axe":2,"minecraft:crafting_table":3,"minecraft:wooden_pickaxe":1,"minecraft:iron_helmet":2,"minecraft:bucket":2,"minecraft:stone_axe":2,"minecraft:air":0,"minecraft:oak_fence_gate":9,"minecraft:oak_boat":1,"minecraft:iron_chestplate":2,"minecraft:diamond_pickaxe":2,"minecraft:shield":2,"minecraft:stick":140,"minecraft:iron_ingot":90,"minecraft:iron_pickaxe":2,"minecraft:stone_sword":1,"minecraft:iron_leggings":2,"minecraft:torch":24},"minecraft:dropped":{"minecraft:bread":2,"minecraft:wheat_seeds":3,"minecraft:diamond_axe":1,"minecraft:cooked_beef":5,"minecraft:iron_helmet":1,"minecraft:cobblestone":5,"minecraft:stick":5,"minecraft:diorite":20,"minecraft:cornflower":1,"minecraft:iron_leggings":1,"minecraft:redstone":13,"minecraft:oak_planks":69,"minecraft:iron_boots":1,"minecraft:azure_bluet":1,"minecraft:shield":1,"minecraft:iron_chestplate":1,"minecraft:diamond_pickaxe":1,"minecraft:spider_eye":1,"minecraft:beef":17},"minecraft:custom":{"minecraft:mob_kills":47,"minecraft:interact_with_crafting_table":34,"minecraft:leave_game":1,"minecraft:time_since_death":92839,"minecraft:climb_one_cm":165,"minecraft:sprint_one_cm":423493,"minecraft:walk_one_cm":252233,"minecraft:damage_blocked_by_shield":2804,"minecraft:drop":24,"minecraft:talked_to_villager":1,"minecraft:target_hit":7,"minecraft:play_time":124813,"minecraft:deaths":2,"minecraft:sneak_time":9888,"minecraft:walk_under_water_one_cm":4050,"minecraft:boat_one_cm":5203,"minecraft:jump":2804,"minecraft:walk_on_water_one_cm":16568,"minecraft:total_world_time":124813,"minecraft:interact_with_furnace":49,"minecraft:time_since_rest":92887,"minecraft:damage_taken":2151,"minecraft:damage_dealt":8138,"minecraft:swim_one_cm":6839,"minecraft:fly_one_cm":604649,"minecraft:open_chest":51,"minecraft:crouch_one_cm":24832,"minecraft:fall_one_cm":64663},"minecraft:killed_by":{"minecraft:hoglin":1}},"DataVersion":3953}