{"stats":{"minecraft:broken":{"minecraft:iron_helmet":1},"minecraft:mined":{"minecraft:white_bed":1,"minecraft:oak_sapling":2,"minecraft:farmland":1,"minecraft:cobblestone_stairs":3,"minecraft:brewing_stand":1,"minecraft:obsidian":16,"minecraft:granite":38,"minecraft:grass_block":38,"minecraft:chiseled_tuff_bricks":3,"minecraft:tuff_bricks":14,"minecraft:spawner":1,"minecraft:iron_ore":133,"minecraft:fire":4,"minecraft:polished_tuff":1,"minecraft:fletching_table":7,"minecraft:deepslate_lapis_ore":20,"minecraft:dirt_path":1,"minecraft:oak_stairs":1,"minecraft:deepslate_redstone_ore":3,"minecraft:amethyst_cluster":6,"minecraft:torch":3,"minecraft:blast_furnace":6,"minecraft:chest":1,"minecraft:cobblestone":165,"minecraft:sugar_cane":4,"minecraft:oak_planks":3,"minecraft:wall_torch":1,"minecraft:amethyst_block":1,"minecraft:birch_log":110,"minecraft:light_gray_stained_glass":2,"minecraft:wheat":13,"minecraft:waxed_copper_block":2,"minecraft:tnt":8,"minecraft:oak_log":354,"minecraft:dirt":40,"minecraft:netherrack":13,"minecraft:oak_leaves":56,"minecraft:deepslate":52,"minecraft:tuff":3,"minecraft:mossy_cobblestone":1,"minecraft:deepslate_diamond_ore":15,"minecraft:waxed_oxidized_chiseled_copper":1,"minecraft:glow_lichen":1,"minecraft:decorated_pot":32,"minecraft:calibrated_sculk_sensor":1,"minecraft:redstone_wire":3,"minecraft:waxed_oxidized_cut_copper":1,"minecraft:furnace":6,"minecraft:andesite":2,"minecraft:chiseled_tuff":3,"minecraft:potatoes":2,"minecraft:deepslate_iron_ore":49,"minecraft:cobblestone_slab":21,"minecraft:lantern":1,"minecraft:stripped_oak_log":5,"minecraft:stone":311,"minecraft:oak_slab":38,"minecraft:oak_fence":15,"minecraft:crafting_table":8,"minecraft:short_grass":94,"minecraft:tall_grass":21,"minecraft:lapis_ore":5,"minecraft:deepslate_gold_ore":5,"minecraft:diorite":31,"minecraft:birch_leaves":4,"minecraft:yellow_bed":1,"minecraft:coal_ore":60,"minecraft:end_rod":40,"minecraft:flower_pot":1,"minecraft:gravel":47,"minecraft:gold_ore":4},"minecraft:killed_by":{"minecraft:husk":1,"minecraft:player":1,"minecraft:hoglin":1},"minecraft:custom":{"minecraft:interact_with_crafting_table":59,"minecraft:open_barrel":11,"minecraft:eat_cake_slice":3,"minecraft:leave_game":5,"minecraft:time_since_death":14253,"minecraft:sprint_one_cm":932646,"minecraft:damage_blocked_by_shield":2804,"minecraft:drop":69,"minecraft:talked_to_villager":41,"minecraft:play_time":281260,"minecraft:deaths":4,"minecraft:jump":5833,"minecraft:walk_on_water_one_cm":29341,"minecraft:interact_with_furnace":71,"minecraft:traded_with_villager":71,"minecraft:sleep_in_bed":1,"minecraft:damage_dealt":20296,"minecraft:crouch_one_cm":58087,"minecraft:inspect_dispenser":5,"minecraft:mob_kills":110,"minecraft:climb_one_cm":5157,"minecraft:walk_one_cm":593230,"minecraft:target_hit":7,"minecraft:sneak_time":18108,"minecraft:walk_under_water_one_cm":8266,"minecraft:boat_one_cm":6546,"minecraft:interact_with_blast_furnace":2,"minecraft:total_world_time":281260,"minecraft:time_since_rest":14278,"minecraft:damage_taken":5338,"minecraft:swim_one_cm":11727,"minecraft:fly_one_cm":1263623,"minecraft:open_chest":204,"minecraft:fall_one_cm":148854},"minecraft:used":{"minecraft:beetroot":1,"minecraft:tuff_bricks":1,"minecraft:ladder":3,"minecraft:chest":9,"minecraft:shield":30,"minecraft:rotten_flesh":2,"minecraft:iron_chestplate":1,"minecraft:carrot":31,"minecraft:tuff":2,"minecraft:axolotl_bucket":2,"minecraft:obsidian":75,"minecraft:lava_bucket":10,"minecraft:villager_spawn_egg":2,"minecraft:lantern":21,"minecraft:repeater":5,"minecraft:redstone_lamp":1,"minecraft:bow":30,"minecraft:furnace":9,"minecraft:oak_sapling":4,"minecraft:potato":8,"minecraft:diorite":8,"minecraft:end_rod":56,"minecraft:stone_pickaxe":105,"minecraft:oak_planks":21,"minecraft:wooden_pickaxe":7,"minecraft:redstone_block":3,"minecraft:diamond_axe":799,"minecraft:blast_furnace":7,"minecraft:crossbow":16,"minecraft:polished_tuff":1,"minecraft:redstone_torch":3,"minecraft:lever":5,"minecraft:bread":28,"minecraft:gravel":1,"minecraft:andesite":1,"minecraft:oak_boat":19,"minecraft:oak_fence":68,"minecraft:stone_sword":26,"minecraft:flint_and_steel":3,"minecraft:stone_shovel":209,"minecraft:redstone":7,"minecraft:cooked_chicken":3,"minecraft:stone_hoe":96,"minecraft:netherrack":20,"minecraft:trial_key":3,"minecraft:oak_door":2,"minecraft:torch":8,"minecraft:dirt":214,"minecraft:cobblestone_wall":14,"minecraft:granite":7,"minecraft:oak_fence_gate":5,"minecraft:oak_stairs":56,"minecraft:golden_carrot":4,"minecraft:cooked_beef":4,"minecraft:cobbled_deepslate":20,"minecraft:wheat_seeds":40,"minecraft:cooked_mutton":2,"minecraft:water_bucket":29,"minecraft:cobblestone_stairs":24,"minecraft:fletching_table":9,"minecraft:cobblestone_slab":175,"minecraft:pink_concrete":25,"minecraft:mossy_cobblestone":1,"minecraft:tnt":24,"minecraft:oak_slab":190,"minecraft:crafting_table":11,"minecraft:white_bed":1,"minecraft:painting":10,"minecraft:oak_log":55,"minecraft:diamond_pickaxe":782,"minecraft:apple":26,"minecraft:ominous_trial_key":1,"minecraft:iron_pickaxe":132,"minecraft:stone_axe":100,"minecraft:cobblestone":917,"minecraft:cooked_porkchop":16,"minecraft:bucket":42,"minecraft:yellow_bed":1},"minecraft:dropped":{"minecraft:diamond_axe":2,"minecraft:cooked_beef":7,"minecraft:baked_potato":5,"minecraft:crossbow":2,"minecraft:honeycomb":7,"minecraft:dirt":202,"minecraft:cornflower":1,"minecraft:bone":12,"minecraft:emerald_block":1,"minecraft:cooked_chicken":3,"minecraft:cobbled_deepslate":6,"minecraft:rotten_flesh":19,"minecraft:oak_planks":69,"minecraft:azure_bluet":1,"minecraft:waxed_copper_block":2,"minecraft:beef":17,"minecraft:bread":5,"minecraft:wheat_seeds":3,"minecraft:iron_helmet":1,"minecraft:cobblestone":6,"minecraft:granite":1,"minecraft:ominous_trial_key":2,"minecraft:stick":16,"minecraft:end_rod":152,"minecraft:diorite":20,"minecraft:golden_carrot":2,"minecraft:iron_leggings":1,"minecraft:flow_banner_pattern":2,"minecraft:string":14,"minecraft:redstone":13,"minecraft:iron_boots":1,"minecraft:shield":1,"minecraft:trial_key":3,"minecraft:iron_chestplate":1,"minecraft:diamond_pickaxe":1,"minecraft:spider_eye":11},"minecraft:crafted":{"minecraft:oak_planks":1200,"minecraft:smooth_stone":5,"minecraft:cobblestone_slab":36,"minecraft:stone":5,"minecraft:cobblestone_stairs":4,"minecraft:lever":4,"minecraft:cooked_mutton":5,"minecraft:iron_boots":2,"minecraft:chest":8,"minecraft:stone_hoe":1,"minecraft:oak_fence":42,"minecraft:oak_slab":180,"minecraft:emerald":71,"minecraft:cooked_porkchop":2,"minecraft:diamond_axe":3,"minecraft:crafting_table":4,"minecraft:wooden_pickaxe":1,"minecraft:iron_helmet":2,"minecraft:fletching_table":2,"minecraft:birch_planks":312,"minecraft:iron_chestplate":2,"minecraft:diamond_pickaxe":2,"minecraft:shield":2,"minecraft:stick":2420,"minecraft:iron_ingot":127,"minecraft:iron_pickaxe":2,"minecraft:stone_sword":1,"minecraft:cherry_planks":4,"minecraft:stone_shovel":3,"minecraft:iron_nugget":288,"minecraft:furnace":4,"minecraft:blast_furnace":1,"minecraft:lantern":36,"minecraft:ladder":6,"minecraft:stone_pickaxe":1,"minecraft:cobblestone_wall":42,"minecraft:cooked_beef":9,"minecraft:bucket":2,"minecraft:stone_axe":2,"minecraft:bread":4,"minecraft:air":0,"minecraft:oak_fence_gate":9,"minecraft:oak_boat":1,"minecraft:iron_leggings":2,"minecraft:torch":72},"minecraft:picked_up":{"minecraft:iron_chestplate":2,"minecraft:wheat":12,"minecraft:oak_stairs":5,"minecraft:brewing_stand":1,"minecraft:string":48,"minecraft:iron_leggings":2,"minecraft:sticky_piston":1,"minecraft:beetroot":1,"minecraft:cobbled_deepslate":62,"minecraft:bucket":1,"minecraft:spruce_planks":1,"minecraft:trial_key":6,"minecraft:cobblestone_slab":39,"minecraft:iron_pickaxe":1,"minecraft:furnace":8,"minecraft:iron_boots":2,"minecraft:tipped_arrow":10,"minecraft:stick":41,"minecraft:oak_fence":16,"minecraft:torch":27,"minecraft:porkchop":2,"minecraft:cherry_log":1,"minecraft:diorite":58,"minecraft:stone_sword":1,"minecraft:rotten_flesh":41,"minecraft:end_rod":208,"minecraft:obsidian":16,"minecraft:cobblestone":647,"minecraft:birch_log":109,"minecraft:cooked_beef":2,"minecraft:repeater":4,"minecraft:water_bucket":2,"minecraft:andesite":2,"minecraft:potato":28,"minecraft:flint":4,"minecraft:tuff":2,"minecraft:lapis_lazuli":195,"minecraft:dirt":1379,"minecraft:lantern":1,"minecraft:name_tag":2,"minecraft:bone":42,"minecraft:bow":1,"minecraft:wheat_seeds":51,"minecraft:raw_gold":11,"minecraft:fletching_table":7,"minecraft:oak_planks":88,"minecraft:cooked_porkchop":14,"minecraft:grass_block":1,"minecraft:mossy_cobblestone":7,"minecraft:diamond":33,"minecraft:lever":1,"minecraft:breeze_rod":12,"minecraft:crossbow":4,"minecraft:granite":68,"minecraft:bread":152,"minecraft:emerald":112,"minecraft:oak_sapling":28,"minecraft:netherrack":22,"minecraft:ominous_trial_key":3,"minecraft:oak_leaves":54,"minecraft:diamond_pickaxe":2,"minecraft:crafting_table":9,"minecraft:azure_bluet":2,"minecraft:ominous_bottle":2,"minecraft:ladder":1,"minecraft:redstone_lamp":1,"minecraft:wooden_pickaxe":1,"minecraft:shield":3,"minecraft:brick":138,"minecraft:cornflower":3,"minecraft:flow_banner_pattern":4,"minecraft:flint_and_steel":1,"minecraft:beef":26,"minecraft:oak_boat":18,"minecraft:poppy":4,"minecraft:guster_pottery_sherd":3,"minecraft:sugar_cane":5,"minecraft:chest":1,"minecraft:birch_sapling":2,"minecraft:phantom_membrane":1,"minecraft:egg":2,"minecraft:raw_iron":200,"minecraft:fire_charge":17,"minecraft:flow_pottery_sherd":9,"minecraft:carrot":46,"minecraft:redstone":18,"minecraft:tnt":8,"minecraft:arrow":147,"minecraft:stone_shovel":2,"minecraft:beetroot_seeds":7,"minecraft:tuff_bricks":26,"minecraft:mutton":10,"minecraft:white_wool":11,"minecraft:stripped_oak_log":5,"minecraft:golden_carrot":6,"minecraft:leather":29,"minecraft:red_mushroom":7,"minecraft:filled_map":2,"minecraft:oak_log":411,"minecraft:waxed_copper_block":2,"minecraft:yellow_bed":1,"minecraft:gunpowder":4,"minecraft:cobblestone_stairs":4,"minecraft:cooked_mutton":4,"minecraft:apple":27,"minecraft:oak_fence_gate":1,"minecraft:iron_ingot":34,"minecraft:stone_pickaxe":1,"minecraft:cooked_chicken":7,"minecraft:scaffolding":14,"minecraft:oak_slab":43,"minecraft:emerald_block":3,"minecraft:bamboo_planks":3,"minecraft:dandelion":9,"minecraft:gravel":47,"minecraft:amethyst_shard":24,"minecraft:blast_furnace":6,"minecraft:white_bed":1,"minecraft:polished_tuff":1,"minecraft:spider_eye":15,"minecraft:slime_ball":2,"minecraft:stone_axe":2,"minecraft:iron_helmet":1,"minecraft:diamond_axe":2,"minecraft:painting":11,"minecraft:baked_potato":5,"minecraft:black_wool":2,"minecraft:coal":109,"minecraft:chiseled_tuff_bricks":6},"minecraft:killed":{"minecraft:cave_spider":20,"minecraft:spider":3,"minecraft:skeleton":19,"minecraft:chicken":1,"minecraft:axolotl":1,"minecraft:pig":1,"minecraft:iron_golem":1,"minecraft:creeper":3,"minecraft:sheep":6,"minecraft:zombie":23,"minecraft:cow":12,"minecraft:phantom":1,"minecraft:husk":10,"minecraft:breeze":5,"minecraft:enderman":1}},"DataVersion":3953}