{"stats":{"minecraft:picked_up":{"minecraft:iron_chestplate":2,"minecraft:wheat":29,"minecraft:oak_stairs":5,"minecraft:potion":7,"minecraft:brewing_stand":1,"minecraft:string":60,"minecraft:iron_leggings":46,"minecraft:sticky_piston":1,"minecraft:beetroot":1,"minecraft:diamond_leggings":1,"minecraft:cobbled_deepslate":62,"minecraft:bucket":1,"minecraft:spruce_planks":4,"minecraft:trial_key":6,"minecraft:cobblestone_slab":39,"minecraft:iron_pickaxe":1,"minecraft:furnace":8,"minecraft:iron_boots":2,"minecraft:tipped_arrow":43,"minecraft:stick":41,"minecraft:oak_fence":16,"minecraft:torch":27,"minecraft:porkchop":2,"minecraft:cherry_log":1,"minecraft:waxed_copper_grate":6,"minecraft:diorite":58,"minecraft:stone_sword":1,"minecraft:honey_bottle":1,"minecraft:rotten_flesh":57,"minecraft:iron_block":5,"minecraft:end_rod":208,"minecraft:obsidian":16,"minecraft:cobblestone":652,"minecraft:birch_log":114,"minecraft:cooked_beef":6,"minecraft:repeater":4,"minecraft:water_bucket":3,"minecraft:andesite":2,"minecraft:potato":28,"minecraft:flint":4,"minecraft:tuff":2,"minecraft:lapis_lazuli":195,"minecraft:dirt":1386,"minecraft:lantern":1,"minecraft:name_tag":2,"minecraft:bone":65,"minecraft:bow":1,"minecraft:wheat_seeds":51,"minecraft:raw_gold":11,"minecraft:diamond_helmet":1,"minecraft:fletching_table":7,"minecraft:honeycomb":16,"minecraft:oak_planks":550,"minecraft:cooked_porkchop":14,"minecraft:grass_block":1,"minecraft:mossy_cobblestone":7,"minecraft:diamond":35,"minecraft:lever":1,"minecraft:granite":68,"minecraft:crossbow":7,"minecraft:breeze_rod":44,"minecraft:bone_meal":13,"minecraft:golden_apple":7,"minecraft:bread":153,"minecraft:emerald":338,"minecraft:oak_sapling":61,"minecraft:netherrack":22,"minecraft:ominous_trial_key":9,"minecraft:oak_leaves":54,"minecraft:diamond_pickaxe":3,"minecraft:crafting_table":9,"minecraft:azure_bluet":2,"minecraft:ominous_bottle":5,"minecraft:ladder":1,"minecraft:redstone_lamp":1,"minecraft:wooden_pickaxe":1,"minecraft:music_disc_creator":1,"minecraft:brick":172,"minecraft:shield":4,"minecraft:wind_charge":46,"minecraft:cornflower":3,"minecraft:flow_banner_pattern":6,"minecraft:flint_and_steel":1,"minecraft:beef":26,"minecraft:oak_boat":18,"minecraft:poppy":4,"minecraft:spruce_slab":7,"minecraft:guster_pottery_sherd":4,"minecraft:sugar_cane":5,"minecraft:chest":1,"minecraft:birch_sapling":10,"minecraft:phantom_membrane":1,"minecraft:egg":2,"minecraft:raw_iron":200,"minecraft:fire_charge":17,"minecraft:flow_pottery_sherd":12,"minecraft:cookie":209,"minecraft:carrot":300,"minecraft:redstone":18,"minecraft:tnt":8,"minecraft:diamond_chestplate":1,"minecraft:arrow":279,"minecraft:stone_shovel":2,"minecraft:pumpkin_pie":1,"minecraft:decorated_pot":3,"minecraft:beetroot_seeds":7,"minecraft:diamond_boots":1,"minecraft:flow_armor_trim_smithing_template":2,"minecraft:tuff_bricks":26,"minecraft:mutton":10,"minecraft:white_wool":11,"minecraft:stripped_oak_log":5,"minecraft:golden_carrot":6,"minecraft:leather":29,"minecraft:red_mushroom":7,"minecraft:filled_map":2,"minecraft:birch_planks":75,"minecraft:oak_log":516,"minecraft:waxed_copper_block":2,"minecraft:yellow_bed":1,"minecraft:gunpowder":4,"minecraft:cobblestone_stairs":4,"minecraft:white_banner":4,"minecraft:cooked_mutton":4,"minecraft:apple":35,"minecraft:oak_fence_gate":1,"minecraft:iron_ingot":45,"minecraft:stone_pickaxe":1,"minecraft:cooked_chicken":8,"minecraft:oak_slab":43,"minecraft:scaffolding":14,"minecraft:emerald_block":23,"minecraft:bamboo_planks":3,"minecraft:dandelion":9,"minecraft:gravel":47,"minecraft:amethyst_shard":24,"minecraft:blast_furnace":6,"minecraft:white_bed":1,"minecraft:polished_tuff":1,"minecraft:spider_eye":19,"minecraft:slime_ball":97,"minecraft:stone_axe":2,"minecraft:chainmail_leggings":52,"minecraft:iron_helmet":1,"minecraft:diamond_axe":3,"minecraft:painting":11,"minecraft:baked_potato":17,"minecraft:black_wool":2,"minecraft:chiseled_tuff_bricks":6,"minecraft:coal":109,"minecraft:ender_pearl":2},"minecraft:used":{"minecraft:beetroot":1,"minecraft:tuff_bricks":1,"minecraft:spruce_slab":2,"minecraft:ladder":3,"minecraft:chest":9,"minecraft:shield":79,"minecraft:rotten_flesh":2,"minecraft:iron_chestplate":1,"minecraft:carrot":62,"minecraft:tuff":2,"minecraft:axolotl_bucket":2,"minecraft:honey_bottle":4,"minecraft:obsidian":75,"minecraft:lava_bucket":10,"minecraft:villager_spawn_egg":2,"minecraft:lantern":21,"minecraft:repeater":5,"minecraft:redstone_lamp":1,"minecraft:bow":30,"minecraft:furnace":9,"minecraft:oak_sapling":4,"minecraft:potato":8,"minecraft:diorite":8,"minecraft:end_rod":56,"minecraft:stone_pickaxe":105,"minecraft:oak_planks":100,"minecraft:wooden_pickaxe":7,"minecraft:redstone_block":3,"minecraft:diamond_axe":1189,"minecraft:cookie":161,"minecraft:blast_furnace":8,"minecraft:crossbow":20,"minecraft:polished_tuff":1,"minecraft:redstone_torch":3,"minecraft:lever":5,"minecraft:bread":33,"minecraft:gravel":1,"minecraft:andesite":1,"minecraft:oak_boat":19,"minecraft:oak_fence":68,"minecraft:stone_sword":26,"minecraft:flint_and_steel":3,"minecraft:stone_shovel":209,"minecraft:redstone":7,"minecraft:trial_key":3,"minecraft:stone_hoe":96,"minecraft:cooked_chicken":4,"minecraft:netherrack":20,"minecraft:oak_door":2,"minecraft:torch":8,"minecraft:dirt":214,"minecraft:wheat":1,"minecraft:cobblestone_wall":14,"minecraft:diamond_helmet":1,"minecraft:granite":7,"minecraft:oak_fence_gate":5,"minecraft:oak_stairs":56,"minecraft:diamond_chestplate":1,"minecraft:golden_carrot":9,"minecraft:cooked_beef":7,"minecraft:cobbled_deepslate":20,"minecraft:wheat_seeds":40,"minecraft:cooked_mutton":2,"minecraft:water_bucket":60,"minecraft:cobblestone_stairs":24,"minecraft:birch_planks":69,"minecraft:baked_potato":9,"minecraft:fletching_table":9,"minecraft:cobblestone_slab":175,"minecraft:pink_concrete":25,"minecraft:mossy_cobblestone":1,"minecraft:oak_slab":190,"minecraft:tnt":24,"minecraft:crafting_table":12,"minecraft:white_bed":1,"minecraft:painting":10,"minecraft:oak_log":55,"minecraft:diamond_pickaxe":790,"minecraft:apple":26,"minecraft:ominous_trial_key":6,"minecraft:wind_charge":17,"minecraft:iron_pickaxe":132,"minecraft:stone_axe":100,"minecraft:cobblestone":917,"minecraft:white_banner":3,"minecraft:cooked_porkchop":16,"minecraft:bucket":75,"minecraft:pumpkin_pie":1,"minecraft:yellow_bed":1},"minecraft:broken":{"minecraft:iron_helmet":1},"minecraft:mined":{"minecraft:white_bed":1,"minecraft:oak_sapling":2,"minecraft:farmland":1,"minecraft:cobblestone_stairs":3,"minecraft:brewing_stand":1,"minecraft:obsidian":16,"minecraft:granite":38,"minecraft:grass_block":38,"minecraft:chiseled_tuff_bricks":3,"minecraft:tuff_bricks":15,"minecraft:spawner":1,"minecraft:iron_ore":133,"minecraft:fire":5,"minecraft:polished_tuff":1,"minecraft:fletching_table":7,"minecraft:deepslate_lapis_ore":20,"minecraft:dirt_path":1,"minecraft:oak_stairs":1,"minecraft:spruce_slab":2,"minecraft:deepslate_redstone_ore":3,"minecraft:amethyst_cluster":6,"minecraft:torch":3,"minecraft:blast_furnace":6,"minecraft:chest":1,"minecraft:cobblestone":165,"minecraft:sugar_cane":4,"minecraft:oak_planks":5,"minecraft:wall_torch":1,"minecraft:amethyst_block":1,"minecraft:birch_log":115,"minecraft:light_gray_stained_glass":2,"minecraft:wheat":28,"minecraft:waxed_copper_block":2,"minecraft:tnt":8,"minecraft:oak_log":458,"minecraft:dirt":40,"minecraft:netherrack":13,"minecraft:oak_leaves":70,"minecraft:deepslate":52,"minecraft:tuff":3,"minecraft:mossy_cobblestone":1,"minecraft:deepslate_diamond_ore":15,"minecraft:waxed_oxidized_chiseled_copper":1,"minecraft:glow_lichen":1,"minecraft:decorated_pot":47,"minecraft:calibrated_sculk_sensor":1,"minecraft:redstone_wire":3,"minecraft:waxed_oxidized_cut_copper":1,"minecraft:furnace":6,"minecraft:carrots":1,"minecraft:waxed_copper_grate":2,"minecraft:andesite":2,"minecraft:chiseled_tuff":3,"minecraft:potatoes":2,"minecraft:deepslate_iron_ore":49,"minecraft:cobblestone_slab":21,"minecraft:lantern":1,"minecraft:stripped_oak_log":5,"minecraft:stone":315,"minecraft:oak_slab":38,"minecraft:oak_fence":15,"minecraft:crafting_table":8,"minecraft:short_grass":96,"minecraft:tall_grass":21,"minecraft:lapis_ore":5,"minecraft:deepslate_gold_ore":5,"minecraft:diorite":31,"minecraft:birch_planks":1,"minecraft:birch_leaves":4,"minecraft:yellow_bed":1,"minecraft:coal_ore":60,"minecraft:end_rod":40,"minecraft:flower_pot":1,"minecraft:gravel":47,"minecraft:gold_ore":4},"minecraft:dropped":{"minecraft:birch_planks":14,"minecraft:diamond_axe":2,"minecraft:cooked_beef":7,"minecraft:baked_potato":8,"minecraft:glass_bottle":1,"minecraft:crossbow":2,"minecraft:cookie":192,"minecraft:honeycomb":15,"minecraft:emerald":45,"minecraft:dirt":202,"minecraft:cornflower":1,"minecraft:bone":32,"minecraft:emerald_block":1,"minecraft:cooked_chicken":3,"minecraft:cobbled_deepslate":6,"minecraft:birch_sapling":8,"minecraft:rotten_flesh":19,"minecraft:oak_planks":654,"minecraft:azure_bluet":1,"minecraft:waxed_copper_block":2,"minecraft:wind_charge":9,"minecraft:tipped_arrow":18,"minecraft:spruce_slab":1,"minecraft:beef":17,"minecraft:water_bucket":1,"minecraft:bread":5,"minecraft:wheat_seeds":3,"minecraft:iron_helmet":1,"minecraft:cobblestone":6,"minecraft:waxed_copper_grate":4,"minecraft:granite":1,"minecraft:ominous_trial_key":3,"minecraft:chainmail_helmet":12,"minecraft:golden_apple":1,"minecraft:stick":16,"minecraft:end_rod":152,"minecraft:diorite":20,"minecraft:golden_carrot":4,"minecraft:potion":1,"minecraft:iron_leggings":55,"minecraft:flow_banner_pattern":2,"minecraft:chainmail_leggings":64,"minecraft:string":26,"minecraft:redstone":13,"minecraft:iron_boots":1,"minecraft:suspicious_stew":6,"minecraft:shield":3,"minecraft:trial_key":3,"minecraft:spruce_planks":3,"minecraft:iron_chestplate":1,"minecraft:diamond_pickaxe":1,"minecraft:oak_sapling":28,"minecraft:spider_eye":13,"minecraft:brick":34},"minecraft:killed_by":{"minecraft:vindicator":1,"minecraft:husk":1,"minecraft:player":1,"minecraft:hoglin":1},"minecraft:custom":{"minecraft:interact_with_crafting_table":66,"minecraft:open_barrel":16,"minecraft:eat_cake_slice":3,"minecraft:leave_game":5,"minecraft:time_since_death":16949,"minecraft:sprint_one_cm":1183120,"minecraft:damage_blocked_by_shield":4304,"minecraft:drop":254,"minecraft:talked_to_villager":69,"minecraft:play_time":351638,"minecraft:deaths":5,"minecraft:jump":7263,"minecraft:walk_on_water_one_cm":44403,"minecraft:interact_with_furnace":78,"minecraft:traded_with_villager":195,"minecraft:sleep_in_bed":1,"minecraft:damage_dealt":34952,"minecraft:crouch_one_cm":61499,"minecraft:inspect_dispenser":6,"minecraft:mob_kills":245,"minecraft:climb_one_cm":8490,"minecraft:walk_one_cm":736342,"minecraft:target_hit":7,"minecraft:raid_win":1,"minecraft:sneak_time":19630,"minecraft:walk_under_water_one_cm":11989,"minecraft:boat_one_cm":6546,"minecraft:interact_with_blast_furnace":2,"minecraft:total_world_time":351638,"minecraft:time_since_rest":16985,"minecraft:damage_taken":7816,"minecraft:swim_one_cm":14219,"minecraft:fly_one_cm":1572905,"minecraft:open_chest":267,"minecraft:fall_one_cm":183418},"minecraft:killed":{"minecraft:cave_spider":20,"minecraft:spider":14,"minecraft:skeleton":23,"minecraft:chicken":1,"minecraft:axolotl":1,"minecraft:silverfish":2,"minecraft:pig":1,"minecraft:iron_golem":1,"minecraft:creeper":3,"minecraft:sheep":6,"minecraft:pillager":8,"minecraft:zombie":37,"minecraft:cow":12,"minecraft:bogged":15,"minecraft:vindicator":3,"minecraft:slime":65,"minecraft:phantom":1,"minecraft:husk":10,"minecraft:ravager":1,"minecraft:breeze":17,"minecraft:enderman":1},"minecraft:crafted":{"minecraft:chainmail_helmet":12,"minecraft:oak_planks":1984,"minecraft:smooth_stone":6,"minecraft:cobblestone_slab":36,"minecraft:stone":6,"minecraft:cobblestone_stairs":4,"minecraft:lever":4,"minecraft:suspicious_stew":8,"minecraft:cooked_mutton":5,"minecraft:diamond_helmet":1,"minecraft:diamond_leggings":1,"minecraft:iron_boots":2,"minecraft:chest":8,"minecraft:stone_hoe":1,"minecraft:oak_fence":42,"minecraft:oak_slab":180,"minecraft:emerald":286,"minecraft:cooked_porkchop":2,"minecraft:diamond_axe":3,"minecraft:crafting_table":5,"minecraft:wooden_pickaxe":1,"minecraft:iron_helmet":2,"minecraft:fletching_table":2,"minecraft:birch_planks":456,"minecraft:apple":96,"minecraft:iron_chestplate":2,"minecraft:diamond_pickaxe":2,"minecraft:shield":6,"minecraft:stick":2420,"minecraft:iron_ingot":136,"minecraft:iron_pickaxe":2,"minecraft:stone_sword":1,"minecraft:golden_carrot":66,"minecraft:cherry_planks":4,"minecraft:cookie":144,"minecraft:stone_shovel":3,"minecraft:iron_nugget":288,"minecraft:furnace":5,"minecraft:blast_furnace":2,"minecraft:lantern":36,"minecraft:ladder":6,"minecraft:stone_pickaxe":1,"minecraft:cobblestone_wall":42,"minecraft:diamond_boots":1,"minecraft:chainmail_leggings":12,"minecraft:cooked_beef":9,"minecraft:bucket":3,"minecraft:stone_axe":2,"minecraft:bread":129,"minecraft:air":0,"minecraft:oak_fence_gate":9,"minecraft:oak_boat":1,"minecraft:iron_leggings":13,"minecraft:torch":72,"minecraft:diamond_chestplate":1}},"DataVersion":3953}