{"stats":{"minecraft:broken":{"minecraft:iron_helmet":1},"minecraft:mined":{"minecraft:white_bed":1,"minecraft:spruce_planks":5,"minecraft:farmland":1,"minecraft:oak_sapling":2,"minecraft:cobblestone_stairs":3,"minecraft:brewing_stand":1,"minecraft:obsidian":16,"minecraft:granite":38,"minecraft:grass_block":44,"minecraft:chiseled_tuff_bricks":3,"minecraft:tuff_bricks":15,"minecraft:spawner":1,"minecraft:bamboo_wall_hanging_sign":2,"minecraft:iron_ore":133,"minecraft:fire":13,"minecraft:polished_tuff":1,"minecraft:fletching_table":7,"minecraft:deepslate_lapis_ore":20,"minecraft:dirt_path":1,"minecraft:oak_stairs":1,"minecraft:spruce_slab":5,"minecraft:deepslate_redstone_ore":3,"minecraft:amethyst_cluster":6,"minecraft:torch":3,"minecraft:blast_furnace":6,"minecraft:chest":1,"minecraft:cobblestone":169,"minecraft:sugar_cane":4,"minecraft:oak_planks":10,"minecraft:wall_torch":1,"minecraft:amethyst_block":1,"minecraft:light_gray_stained_glass":2,"minecraft:birch_log":115,"minecraft:wheat":28,"minecraft:waxed_copper_block":5,"minecraft:tnt":8,"minecraft:oak_log":458,"minecraft:dirt":57,"minecraft:netherrack":13,"minecraft:oak_leaves":70,"minecraft:deepslate":52,"minecraft:tuff":4,"minecraft:mossy_cobblestone":1,"minecraft:deepslate_diamond_ore":15,"minecraft:waxed_oxidized_chiseled_copper":2,"minecraft:glow_lichen":1,"minecraft:decorated_pot":78,"minecraft:calibrated_sculk_sensor":1,"minecraft:redstone_wire":3,"minecraft:waxed_oxidized_cut_copper":1,"minecraft:furnace":6,"minecraft:carrots":1,"minecraft:waxed_copper_grate":4,"minecraft:andesite":2,"minecraft:oxidized_copper_trapdoor":1,"minecraft:chiseled_tuff":3,"minecraft:potatoes":2,"minecraft:deepslate_iron_ore":49,"minecraft:cobblestone_slab":21,"minecraft:lantern":1,"minecraft:stripped_oak_log":5,"minecraft:stone":315,"minecraft:oak_slab":38,"minecraft:oak_fence":15,"minecraft:crafting_table":8,"minecraft:short_grass":98,"minecraft:tall_grass":21,"minecraft:lapis_ore":5,"minecraft:deepslate_gold_ore":5,"minecraft:diorite":31,"minecraft:birch_planks":1,"minecraft:spruce_log":85,"minecraft:birch_leaves":4,"minecraft:yellow_bed":2,"minecraft:coal_ore":60,"minecraft:end_rod":40,"minecraft:flower_pot":2,"minecraft:gravel":47,"minecraft:cobweb":2,"minecraft:gold_ore":4},"minecraft:killed_by":{"minecraft:bogged":3,"minecraft:vindicator":1,"minecraft:husk":1,"minecraft:player":2,"minecraft:hoglin":1},"minecraft:custom":{"minecraft:interact_with_crafting_table":78,"minecraft:open_barrel":30,"minecraft:eat_cake_slice":12,"minecraft:leave_game":9,"minecraft:time_since_death":64175,"minecraft:sprint_one_cm":1510155,"minecraft:damage_blocked_by_shield":6554,"minecraft:drop":353,"minecraft:talked_to_villager":80,"minecraft:play_time":470131,"minecraft:deaths":9,"minecraft:jump":9108,"minecraft:walk_on_water_one_cm":80367,"minecraft:interact_with_furnace":79,"minecraft:play_record":2,"minecraft:traded_with_villager":234,"minecraft:sleep_in_bed":1,"minecraft:damage_dealt":50712,"minecraft:player_kills":1,"minecraft:crouch_one_cm":70838,"minecraft:inspect_dispenser":6,"minecraft:interact_with_anvil":1,"minecraft:mob_kills":444,"minecraft:climb_one_cm":15560,"minecraft:walk_one_cm":930895,"minecraft:target_hit":7,"minecraft:raid_win":1,"minecraft:sneak_time":23294,"minecraft:walk_under_water_one_cm":20585,"minecraft:boat_one_cm":6680,"minecraft:interact_with_blast_furnace":3,"minecraft:total_world_time":470131,"minecraft:time_since_rest":64209,"minecraft:damage_taken":12599,"minecraft:swim_one_cm":23772,"minecraft:fly_one_cm":1983952,"minecraft:open_chest":452,"minecraft:fall_one_cm":237621},"minecraft:used":{"minecraft:beetroot":1,"minecraft:tuff_bricks":1,"minecraft:spruce_slab":8,"minecraft:ladder":3,"minecraft:decorated_pot":11,"minecraft:chest":12,"minecraft:shield":141,"minecraft:rotten_flesh":2,"minecraft:iron_chestplate":1,"minecraft:carrot":131,"minecraft:waxed_copper_grate":3,"minecraft:tuff":2,"minecraft:axolotl_bucket":2,"minecraft:obsidian":75,"minecraft:honey_bottle":4,"minecraft:lava_bucket":10,"minecraft:villager_spawn_egg":2,"minecraft:lantern":21,"minecraft:repeater":5,"minecraft:redstone_lamp":1,"minecraft:bow":30,"minecraft:oak_sapling":4,"minecraft:furnace":9,"minecraft:potato":8,"minecraft:diorite":8,"minecraft:diamond_boots":2,"minecraft:end_rod":57,"minecraft:stone_pickaxe":105,"minecraft:oak_planks":102,"minecraft:wooden_pickaxe":7,"minecraft:redstone_block":3,"minecraft:diamond_axe":1397,"minecraft:cookie":161,"minecraft:blast_furnace":8,"minecraft:crossbow":26,"minecraft:polished_tuff":1,"minecraft:redstone_torch":3,"minecraft:lever":5,"minecraft:mace":6,"minecraft:bread":33,"minecraft:gravel":1,"minecraft:diamond_sword":236,"minecraft:andesite":1,"minecraft:oak_boat":19,"minecraft:oak_fence":68,"minecraft:stone_sword":26,"minecraft:flint_and_steel":3,"minecraft:stone_shovel":209,"minecraft:redstone":7,"minecraft:spruce_planks":103,"minecraft:trial_key":5,"minecraft:stone_hoe":96,"minecraft:cooked_chicken":4,"minecraft:netherrack":20,"minecraft:oak_door":2,"minecraft:torch":8,"minecraft:dirt":349,"minecraft:anvil":1,"minecraft:wheat":1,"minecraft:cobblestone_wall":14,"minecraft:diamond_helmet":4,"minecraft:granite":7,"minecraft:oak_fence_gate":5,"minecraft:iron_axe":2,"minecraft:oak_stairs":56,"minecraft:bamboo_hanging_sign":4,"minecraft:diamond_chestplate":4,"minecraft:golden_carrot":46,"minecraft:cooked_beef":7,"minecraft:cobbled_deepslate":20,"minecraft:wheat_seeds":40,"minecraft:cooked_mutton":2,"minecraft:water_bucket":96,"minecraft:cobblestone_stairs":24,"minecraft:birch_planks":69,"minecraft:baked_potato":12,"minecraft:fletching_table":9,"minecraft:cobblestone_slab":175,"minecraft:waxed_copper_block":18,"minecraft:pink_concrete":25,"minecraft:mossy_cobblestone":1,"minecraft:tnt":24,"minecraft:oak_slab":190,"minecraft:crafting_table":13,"minecraft:white_bed":1,"minecraft:painting":10,"minecraft:oak_log":55,"minecraft:diamond_pickaxe":805,"minecraft:apple":26,"minecraft:ominous_trial_key":9,"minecraft:diamond_shovel":23,"minecraft:wind_charge":53,"minecraft:oxidized_copper_trapdoor":1,"minecraft:suspicious_stew":1,"minecraft:iron_pickaxe":132,"minecraft:stone_axe":100,"minecraft:cobblestone":921,"minecraft:potion":2,"minecraft:white_banner":3,"minecraft:cooked_porkchop":16,"minecraft:bucket":110,"minecraft:pumpkin_pie":1,"minecraft:yellow_bed":2,"minecraft:jukebox":1,"minecraft:diamond_leggings":3},"minecraft:dropped":{"minecraft:birch_planks":14,"minecraft:diamond_axe":2,"minecraft:cooked_beef":8,"minecraft:baked_potato":10,"minecraft:glass_bottle":5,"minecraft:diamond":2,"minecraft:decorated_pot":10,"minecraft:crossbow":2,"minecraft:cookie":192,"minecraft:honeycomb":15,"minecraft:heavy_core":1,"minecraft:emerald":109,"minecraft:dirt":206,"minecraft:mace":1,"minecraft:waxed_oxidized_chiseled_copper":1,"minecraft:cornflower":1,"minecraft:bone_meal":13,"minecraft:bone":39,"minecraft:emerald_block":1,"minecraft:cooked_chicken":3,"minecraft:cobbled_deepslate":6,"minecraft:birch_sapling":8,"minecraft:rotten_flesh":19,"minecraft:oak_planks":819,"minecraft:enchanted_golden_apple":1,"minecraft:azure_bluet":1,"minecraft:waxed_copper_block":2,"minecraft:carrot":99,"minecraft:wind_charge":9,"minecraft:tipped_arrow":28,"minecraft:spruce_slab":1,"minecraft:beef":17,"minecraft:iron_ingot":34,"minecraft:water_bucket":1,"minecraft:bread":5,"minecraft:oak_slab":204,"minecraft:wheat_seeds":7,"minecraft:diamond_leggings":1,"minecraft:iron_helmet":1,"minecraft:cobblestone":7,"minecraft:waxed_copper_grate":4,"minecraft:granite":1,"minecraft:ominous_trial_key":3,"minecraft:chainmail_helmet":12,"minecraft:golden_apple":2,"minecraft:stick":19,"minecraft:end_rod":152,"minecraft:diorite":20,"minecraft:golden_carrot":4,"minecraft:diamond_helmet":1,"minecraft:potion":1,"minecraft:iron_leggings":55,"minecraft:flow_banner_pattern":2,"minecraft:chainmail_leggings":64,"minecraft:string":26,"minecraft:redstone":13,"minecraft:oak_trapdoor":4,"minecraft:iron_boots":1,"minecraft:suspicious_stew":7,"minecraft:shield":3,"minecraft:trial_key":4,"minecraft:diamond_chestplate":1,"minecraft:spruce_planks":3,"minecraft:iron_chestplate":2,"minecraft:diamond_pickaxe":1,"minecraft:oak_sapling":28,"minecraft:spider_eye":13,"minecraft:diamond_boots":1,"minecraft:brick":53},"minecraft:crafted":{"minecraft:smooth_stone":6,"minecraft:oak_planks":1984,"minecraft:chainmail_helmet":12,"minecraft:cobblestone_slab":36,"minecraft:stone":6,"minecraft:cobblestone_stairs":4,"minecraft:lever":4,"minecraft:cooked_mutton":5,"minecraft:suspicious_stew":8,"minecraft:diamond_helmet":3,"minecraft:diamond_leggings":3,"minecraft:iron_boots":2,"minecraft:chest":8,"minecraft:stone_hoe":1,"minecraft:oak_fence":42,"minecraft:oak_slab":384,"minecraft:emerald":390,"minecraft:cooked_porkchop":2,"minecraft:diamond_axe":4,"minecraft:crafting_table":6,"minecraft:spruce_planks":340,"minecraft:wooden_pickaxe":1,"minecraft:iron_helmet":2,"minecraft:fletching_table":2,"minecraft:birch_planks":456,"minecraft:apple":96,"minecraft:iron_chestplate":2,"minecraft:diamond_pickaxe":3,"minecraft:emerald_block":4,"minecraft:shield":6,"minecraft:stick":3600,"minecraft:iron_ingot":145,"minecraft:iron_pickaxe":2,"minecraft:stone_sword":1,"minecraft:golden_carrot":66,"minecraft:cherry_planks":4,"minecraft:cookie":144,"minecraft:stone_shovel":3,"minecraft:jukebox":1,"minecraft:iron_nugget":288,"minecraft:furnace":5,"minecraft:blast_furnace":2,"minecraft:lantern":36,"minecraft:ladder":6,"minecraft:stone_pickaxe":1,"minecraft:cobblestone_wall":42,"minecraft:diamond_boots":3,"minecraft:chainmail_leggings":12,"minecraft:cooked_beef":9,"minecraft:diamond_sword":1,"minecraft:bucket":3,"minecraft:stone_axe":2,"minecraft:bread":129,"minecraft:air":0,"minecraft:oak_fence_gate":9,"minecraft:oak_boat":1,"minecraft:iron_leggings":13,"minecraft:anvil":1,"minecraft:torch":72,"minecraft:diamond_chestplate":3},"minecraft:picked_up":{"minecraft:iron_chestplate":4,"minecraft:wheat":29,"minecraft:diamond_sword":3,"minecraft:oak_stairs":5,"minecraft:potion":15,"minecraft:enchanted_book":1,"minecraft:brewing_stand":1,"minecraft:string":132,"minecraft:iron_leggings":46,"minecraft:sticky_piston":1,"minecraft:beetroot":1,"minecraft:diamond_leggings":3,"minecraft:cobbled_deepslate":62,"minecraft:bucket":2,"minecraft:spruce_planks":11,"minecraft:trial_key":9,"minecraft:cobblestone_slab":39,"minecraft:iron_pickaxe":1,"minecraft:enchanted_golden_apple":2,"minecraft:furnace":8,"minecraft:iron_boots":2,"minecraft:tipped_arrow":96,"minecraft:oxidized_copper_trapdoor":1,"minecraft:stick":41,"minecraft:oak_fence":16,"minecraft:torch":30,"minecraft:porkchop":2,"minecraft:cherry_log":1,"minecraft:waxed_copper_grate":15,"minecraft:diorite":58,"minecraft:stone_sword":1,"minecraft:honey_bottle":9,"minecraft:rotten_flesh":78,"minecraft:iron_block":11,"minecraft:end_rod":209,"minecraft:obsidian":16,"minecraft:cobblestone":675,"minecraft:birch_log":114,"minecraft:cooked_beef":10,"minecraft:repeater":4,"minecraft:water_bucket":6,"minecraft:andesite":2,"minecraft:potato":28,"minecraft:flint":4,"minecraft:tuff":2,"minecraft:lapis_lazuli":195,"minecraft:dirt":1409,"minecraft:lantern":1,"minecraft:name_tag":2,"minecraft:bone":144,"minecraft:bow":1,"minecraft:wheat_seeds":55,"minecraft:raw_gold":11,"minecraft:bolt_armor_trim_smithing_template":2,"minecraft:guster_banner_pattern":2,"minecraft:fletching_table":7,"minecraft:diamond_helmet":4,"minecraft:scrape_pottery_sherd":2,"minecraft:oak_planks":679,"minecraft:honeycomb":16,"minecraft:cooked_porkchop":14,"minecraft:grass_block":1,"minecraft:diamond_block":1,"minecraft:mossy_cobblestone":7,"minecraft:diamond":48,"minecraft:lever":1,"minecraft:granite":68,"minecraft:crossbow":10,"minecraft:breeze_rod":54,"minecraft:bone_meal":13,"minecraft:golden_apple":13,"minecraft:emerald":507,"minecraft:bread":155,"minecraft:oak_sapling":61,"minecraft:netherrack":22,"minecraft:ominous_trial_key":12,"minecraft:oak_leaves":54,"minecraft:diamond_pickaxe":7,"minecraft:crafting_table":9,"minecraft:azure_bluet":2,"minecraft:ominous_bottle":8,"minecraft:ladder":1,"minecraft:redstone_lamp":1,"minecraft:wooden_pickaxe":1,"minecraft:music_disc_creator":3,"minecraft:brick":315,"minecraft:shield":9,"minecraft:wind_charge":172,"minecraft:cornflower":3,"minecraft:oak_trapdoor":4,"minecraft:flow_banner_pattern":6,"minecraft:iron_axe":1,"minecraft:flint_and_steel":2,"minecraft:beef":26,"minecraft:oak_boat":18,"minecraft:poppy":5,"minecraft:spruce_slab":26,"minecraft:guster_pottery_sherd":4,"minecraft:sugar_cane":5,"minecraft:chest":1,"minecraft:birch_sapling":10,"minecraft:phantom_membrane":1,"minecraft:egg":2,"minecraft:raw_iron":200,"minecraft:bamboo_hanging_sign":2,"minecraft:fire_charge":17,"minecraft:flow_pottery_sherd":14,"minecraft:mace":3,"minecraft:stone_button":2,"minecraft:cookie":209,"minecraft:carrot":729,"minecraft:redstone":18,"minecraft:tnt":8,"minecraft:waxed_oxidized_chiseled_copper":1,"minecraft:stone_shovel":3,"minecraft:arrow":746,"minecraft:diamond_chestplate":3,"minecraft:pumpkin_pie":1,"minecraft:decorated_pot":30,"minecraft:beetroot_seeds":7,"minecraft:diamond_boots":4,"minecraft:flow_armor_trim_smithing_template":2,"minecraft:tuff_bricks":26,"minecraft:mutton":10,"minecraft:white_wool":11,"minecraft:stripped_oak_log":5,"minecraft:golden_carrot":199,"minecraft:leather":29,"minecraft:red_mushroom":8,"minecraft:filled_map":2,"minecraft:birch_planks":203,"minecraft:oak_log":516,"minecraft:waxed_copper_block":5,"minecraft:yellow_bed":2,"minecraft:gunpowder":4,"minecraft:cobblestone_stairs":4,"minecraft:white_banner":4,"minecraft:cooked_mutton":5,"minecraft:apple":35,"minecraft:iron_ingot":163,"minecraft:oak_fence_gate":1,"minecraft:stone_pickaxe":1,"minecraft:cooked_chicken":10,"minecraft:glass_bottle":3,"minecraft:scaffolding":14,"minecraft:oak_slab":43,"minecraft:emerald_block":29,"minecraft:bamboo_planks":3,"minecraft:heavy_core":1,"minecraft:dandelion":9,"minecraft:gravel":47,"minecraft:amethyst_shard":24,"minecraft:blast_furnace":6,"minecraft:white_bed":1,"minecraft:spruce_log":85,"minecraft:spider_eye":43,"minecraft:polished_tuff":1,"minecraft:slime_ball":156,"minecraft:stone_axe":2,"minecraft:chainmail_leggings":52,"minecraft:iron_helmet":1,"minecraft:diamond_axe":8,"minecraft:painting":11,"minecraft:baked_potato":78,"minecraft:black_wool":2,"minecraft:chiseled_tuff_bricks":6,"minecraft:coal":109,"minecraft:ender_pearl":9},"minecraft:killed":{"minecraft:cave_spider":47,"minecraft:spider":14,"minecraft:skeleton":38,"minecraft:chicken":1,"minecraft:axolotl":1,"minecraft:silverfish":13,"minecraft:pig":1,"minecraft:iron_golem":1,"minecraft:creeper":3,"minecraft:sheep":6,"minecraft:pillager":8,"minecraft:zombie":38,"minecraft:stray":6,"minecraft:cow":12,"minecraft:bogged":33,"minecraft:vindicator":3,"minecraft:slime":165,"minecraft:phantom":1,"minecraft:husk":24,"minecraft:ravager":1,"minecraft:breeze":21,"minecraft:enderman":1}},"DataVersion":3953}