{"stats":{"minecraft:mined":{"minecraft:oak_slab":1,"minecraft:tuff":6,"minecraft:spruce_planks":1,"minecraft:deepslate_diamond_ore":46,"minecraft:crafting_table":8,"minecraft:torch":1,"minecraft:short_grass":4,"minecraft:grass_block":3,"minecraft:tall_grass":8,"minecraft:cobblestone":3,"minecraft:spruce_stairs":1,"minecraft:birch_leaves":1,"minecraft:yellow_bed":1,"minecraft:azure_bluet":1,"minecraft:gravel":3,"minecraft:dirt":24,"minecraft:stone":25,"minecraft:oak_leaves":4,"minecraft:deepslate":132},"minecraft:used":{"minecraft:shield":6,"minecraft:ender_chest":1,"minecraft:diamond_axe":13,"minecraft:rotten_flesh":15,"minecraft:torch":3,"minecraft:dirt":4,"minecraft:crafting_table":8,"minecraft:diamond_pickaxe":96,"minecraft:bread":7,"minecraft:iron_pickaxe":123,"minecraft:bow":2,"minecraft:diamond_sword":10,"minecraft:cobblestone":17,"minecraft:bamboo_chest_raft":1,"minecraft:yellow_bed":2,"minecraft:potato":1,"minecraft:cobbled_deepslate":10,"minecraft:experience_bottle":1},"minecraft:custom":{"minecraft:interact_with_furnace":1,"minecraft:mob_kills":3,"minecraft:interact_with_crafting_table":12,"minecraft:leave_game":2,"minecraft:time_since_death":71715,"minecraft:sleep_in_bed":3,"minecraft:time_since_rest":11624,"minecraft:sprint_one_cm":142424,"minecraft:open_enderchest":5,"minecraft:damage_taken":526,"minecraft:walk_one_cm":52396,"minecraft:damage_blocked_by_shield":235,"minecraft:drop":28,"minecraft:damage_dealt":512,"minecraft:swim_one_cm":15072,"minecraft:fly_one_cm":497243,"minecraft:open_chest":51,"minecraft:crouch_one_cm":402,"minecraft:play_time":71715,"minecraft:sneak_time":1306,"minecraft:walk_under_water_one_cm":12179,"minecraft:boat_one_cm":259148,"minecraft:jump":830,"minecraft:interact_with_blast_furnace":2,"minecraft:walk_on_water_one_cm":11897,"minecraft:total_world_time":71715,"minecraft:fall_one_cm":28213},"minecraft:crafted":{"minecraft:cherry_planks":4,"minecraft:oak_planks":12,"minecraft:diamond_sword":1,"minecraft:diamond_axe":1,"minecraft:bread":2,"minecraft:air":0,"minecraft:diamond_helmet":1,"minecraft:diamond_leggings":1,"minecraft:diamond_pickaxe":1,"minecraft:shield":1,"minecraft:stick":52,"minecraft:iron_ingot":15,"minecraft:iron_pickaxe":1,"minecraft:diamond_boots":1,"minecraft:diamond_chestplate":1},"minecraft:dropped":{"minecraft:gravel":2,"minecraft:enchanted_book":1,"minecraft:wheat_seeds":2,"minecraft:bamboo_chest_raft":1,"minecraft:dragon_head":1,"minecraft:ender_chest":1,"minecraft:tuff":6,"minecraft:iron_helmet":1,"minecraft:chicken":1,"minecraft:rotten_flesh":6,"minecraft:iron_boots":1,"minecraft:blaze_powder":7,"minecraft:spruce_stairs":1,"minecraft:stick":2,"minecraft:filled_map":3,"minecraft:diamond_sword":1,"minecraft:oak_chest_boat":1,"minecraft:iron_axe":1,"minecraft:bow":2,"minecraft:iron_pickaxe":1,"minecraft:bucket":1},"minecraft:picked_up":{"minecraft:fishing_rod":1,"minecraft:crafting_table":11,"minecraft:cooked_beef":4,"minecraft:azure_bluet":1,"minecraft:ender_chest":1,"minecraft:water_bucket":1,"minecraft:diamond_sword":1,"minecraft:potato":28,"minecraft:filled_map":2,"minecraft:enchanted_book":1,"minecraft:flint":1,"minecraft:tuff":12,"minecraft:dragon_head":1,"minecraft:yellow_bed":2,"minecraft:dirt":155,"minecraft:iron_axe":1,"minecraft:cooked_mutton":14,"minecraft:apple":31,"minecraft:wheat_seeds":2,"minecraft:bow":2,"minecraft:diamond_leggings":1,"minecraft:cobbled_deepslate":131,"minecraft:spruce_planks":1,"minecraft:iron_pickaxe":1,"minecraft:oak_planks":10,"minecraft:iron_boots":1,"minecraft:bamboo_chest_raft":2,"minecraft:stick":21,"minecraft:cooked_porkchop":15,"minecraft:copper_ingot":1,"minecraft:torch":1,"minecraft:spruce_stairs":2,"minecraft:gravel":5,"minecraft:lava_bucket":1,"minecraft:blast_furnace":1,"minecraft:carrot":33,"minecraft:rotten_flesh":6,"minecraft:diamond_chestplate":1,"minecraft:diamond":46,"minecraft:iron_helmet":1,"minecraft:bread":178,"minecraft:oak_chest_boat":1,"minecraft:coal":44,"minecraft:blaze_powder":7,"minecraft:cobblestone":132},"minecraft:killed":{"minecraft:zombie_villager":1,"minecraft:drowned":2}},"DataVersion":3953}