{"stats":{"minecraft:mined":{"minecraft:oak_slab":1,"minecraft:tuff":6,"minecraft:spruce_planks":1,"minecraft:deepslate_diamond_ore":46,"minecraft:crafting_table":9,"minecraft:torch":1,"minecraft:short_grass":4,"minecraft:grass_block":3,"minecraft:chest":1,"minecraft:tall_grass":8,"minecraft:cobblestone":22,"minecraft:spruce_leaves":4,"minecraft:large_fern":7,"minecraft:spruce_stairs":1,"minecraft:furnace":1,"minecraft:iron_ore":4,"minecraft:sweet_berry_bush":3,"minecraft:birch_leaves":1,"minecraft:andesite":21,"minecraft:yellow_bed":1,"minecraft:azure_bluet":1,"minecraft:coal_ore":15,"minecraft:gravel":3,"minecraft:dirt":27,"minecraft:stone":563,"minecraft:oak_leaves":4,"minecraft:deepslate":132},"minecraft:custom":{"minecraft:interact_with_furnace":5,"minecraft:interact_with_anvil":2,"minecraft:mob_kills":3,"minecraft:interact_with_crafting_table":17,"minecraft:leave_game":5,"minecraft:time_since_death":110782,"minecraft:sleep_in_bed":3,"minecraft:time_since_rest":50691,"minecraft:sprint_one_cm":212308,"minecraft:open_enderchest":5,"minecraft:damage_taken":861,"minecraft:walk_one_cm":112152,"minecraft:damage_blocked_by_shield":295,"minecraft:drop":339,"minecraft:damage_dealt":639,"minecraft:swim_one_cm":22777,"minecraft:talked_to_villager":3,"minecraft:fly_one_cm":641579,"minecraft:open_chest":116,"minecraft:crouch_one_cm":13310,"minecraft:play_time":110782,"minecraft:sneak_time":5485,"minecraft:walk_under_water_one_cm":15548,"minecraft:boat_one_cm":259978,"minecraft:jump":1255,"minecraft:interact_with_blast_furnace":6,"minecraft:walk_on_water_one_cm":16031,"minecraft:total_world_time":110782,"minecraft:inspect_dispenser":2,"minecraft:fall_one_cm":40890},"minecraft:used":{"minecraft:water_bucket":8,"minecraft:ender_pearl":1,"minecraft:chest":7,"minecraft:shield":8,"minecraft:ender_chest":1,"minecraft:diamond_axe":16,"minecraft:rotten_flesh":15,"minecraft:torch":5,"minecraft:dirt":4,"minecraft:anvil":1,"minecraft:crafting_table":11,"minecraft:blast_furnace":2,"minecraft:smoker":2,"minecraft:diamond_pickaxe":696,"minecraft:bread":17,"minecraft:iron_pickaxe":123,"minecraft:cobblestone":67,"minecraft:diamond_sword":24,"minecraft:bow":3,"minecraft:bamboo_chest_raft":1,"minecraft:furnace":1,"minecraft:bucket":8,"minecraft:yellow_bed":2,"minecraft:potato":1,"minecraft:cobbled_deepslate":10,"minecraft:experience_bottle":1},"minecraft:crafted":{"minecraft:cherry_planks":4,"minecraft:oak_planks":12,"minecraft:smooth_stone":3,"minecraft:diamond_sword":1,"minecraft:diamond_axe":1,"minecraft:blast_furnace":1,"minecraft:stone":3,"minecraft:bread":2,"minecraft:air":0,"minecraft:diamond_helmet":1,"minecraft:diamond_leggings":1,"minecraft:diamond_pickaxe":1,"minecraft:shield":1,"minecraft:stick":52,"minecraft:iron_ingot":18,"minecraft:iron_pickaxe":1,"minecraft:iron_block":3,"minecraft:chest":6,"minecraft:diamond_boots":1,"minecraft:anvil":1,"minecraft:diamond_chestplate":1},"minecraft:dropped":{"minecraft:gravel":2,"minecraft:enchanted_book":3,"minecraft:wheat_seeds":2,"minecraft:bamboo_chest_raft":1,"minecraft:dragon_head":1,"minecraft:ender_chest":1,"minecraft:tuff":6,"minecraft:birch_sapling":2,"minecraft:chicken":1,"minecraft:iron_helmet":1,"minecraft:rotten_flesh":6,"minecraft:oak_planks":208,"minecraft:iron_boots":1,"minecraft:blaze_powder":7,"minecraft:ominous_trial_key":1,"minecraft:spruce_stairs":1,"minecraft:stick":2,"minecraft:emerald":42,"minecraft:filled_map":3,"minecraft:diamond_sword":1,"minecraft:oak_chest_boat":1,"minecraft:spruce_planks":4,"minecraft:oak_sapling":7,"minecraft:iron_leggings":22,"minecraft:iron_axe":1,"minecraft:bow":2,"minecraft:iron_pickaxe":1,"minecraft:chainmail_leggings":30,"minecraft:bucket":1},"minecraft:picked_up":{"minecraft:fishing_rod":1,"minecraft:crafting_table":12,"minecraft:azure_bluet":1,"minecraft:cooked_beef":4,"minecraft:ender_chest":1,"minecraft:water_bucket":2,"minecraft:andesite":21,"minecraft:diamond_sword":1,"minecraft:potato":28,"minecraft:filled_map":2,"minecraft:enchanted_book":1,"minecraft:flint":1,"minecraft:tuff":12,"minecraft:dragon_head":1,"minecraft:yellow_bed":2,"minecraft:dirt":158,"minecraft:iron_axe":1,"minecraft:iron_leggings":22,"minecraft:cooked_mutton":14,"minecraft:apple":31,"minecraft:diamond_leggings":1,"minecraft:bow":2,"minecraft:wheat_seeds":2,"minecraft:cobbled_deepslate":131,"minecraft:spruce_planks":4,"minecraft:iron_pickaxe":1,"minecraft:chest":1,"minecraft:birch_sapling":2,"minecraft:oak_planks":250,"minecraft:iron_boots":1,"minecraft:furnace":1,"minecraft:bamboo_chest_raft":2,"minecraft:raw_iron":4,"minecraft:stick":21,"minecraft:cooked_porkchop":15,"minecraft:sweet_berries":7,"minecraft:copper_ingot":1,"minecraft:torch":1,"minecraft:quartz":20,"minecraft:spruce_stairs":2,"minecraft:gravel":5,"minecraft:lava_bucket":1,"minecraft:spruce_sapling":2,"minecraft:blast_furnace":1,"minecraft:carrot":33,"minecraft:rotten_flesh":6,"minecraft:diamond_chestplate":1,"minecraft:diamond":46,"minecraft:chainmail_leggings":30,"minecraft:iron_helmet":1,"minecraft:bread":178,"minecraft:emerald":42,"minecraft:oak_chest_boat":1,"minecraft:oak_sapling":7,"minecraft:coal":59,"minecraft:blaze_powder":7,"minecraft:cobblestone":690},"minecraft:killed":{"minecraft:zombie_villager":1,"minecraft:drowned":2}},"DataVersion":3953}