{"stats":{"minecraft:mined":{"minecraft:tuff":6,"minecraft:deepslate_diamond_ore":46,"minecraft:crafting_table":3,"minecraft:torch":1,"minecraft:short_grass":2,"minecraft:tall_grass":7,"minecraft:birch_leaves":1,"minecraft:azure_bluet":1,"minecraft:gravel":3,"minecraft:oak_leaves":4,"minecraft:deepslate":132},"minecraft:used":{"minecraft:shield":5,"minecraft:diamond_axe":2,"minecraft:rotten_flesh":15,"minecraft:torch":1,"minecraft:crafting_table":3,"minecraft:diamond_pickaxe":65,"minecraft:bread":1,"minecraft:iron_pickaxe":123,"minecraft:diamond_sword":2,"minecraft:bamboo_chest_raft":1,"minecraft:potato":1,"minecraft:cobbled_deepslate":10},"minecraft:custom":{"minecraft:mob_kills":1,"minecraft:interact_with_crafting_table":7,"minecraft:time_since_death":40259,"minecraft:time_since_rest":40259,"minecraft:sprint_one_cm":89426,"minecraft:damage_taken":277,"minecraft:walk_one_cm":27494,"minecraft:damage_blocked_by_shield":100,"minecraft:drop":7,"minecraft:damage_dealt":23,"minecraft:swim_one_cm":4583,"minecraft:fly_one_cm":411792,"minecraft:open_chest":29,"minecraft:crouch_one_cm":106,"minecraft:play_time":40259,"minecraft:sneak_time":921,"minecraft:walk_under_water_one_cm":5480,"minecraft:boat_one_cm":103395,"minecraft:jump":498,"minecraft:interact_with_blast_furnace":2,"minecraft:walk_on_water_one_cm":5536,"minecraft:total_world_time":40259,"minecraft:fall_one_cm":17842},"minecraft:crafted":{"minecraft:cherry_planks":4,"minecraft:oak_planks":12,"minecraft:diamond_sword":1,"minecraft:diamond_axe":1,"minecraft:air":0,"minecraft:diamond_helmet":1,"minecraft:diamond_leggings":1,"minecraft:diamond_pickaxe":1,"minecraft:shield":1,"minecraft:stick":32,"minecraft:iron_ingot":13,"minecraft:iron_pickaxe":1,"minecraft:diamond_boots":1,"minecraft:diamond_chestplate":1},"minecraft:dropped":{"minecraft:gravel":2,"minecraft:wheat_seeds":2,"minecraft:dragon_head":1,"minecraft:bamboo_chest_raft":1,"minecraft:tuff":6,"minecraft:rotten_flesh":3},"minecraft:picked_up":{"minecraft:fishing_rod":1,"minecraft:crafting_table":6,"minecraft:cooked_beef":4,"minecraft:azure_bluet":1,"minecraft:water_bucket":1,"minecraft:potato":28,"minecraft:filled_map":2,"minecraft:flint":1,"minecraft:tuff":12,"minecraft:dragon_head":1,"minecraft:yellow_bed":1,"minecraft:dirt":128,"minecraft:iron_axe":1,"minecraft:cooked_mutton":14,"minecraft:apple":31,"minecraft:bow":1,"minecraft:wheat_seeds":2,"minecraft:diamond_leggings":1,"minecraft:cobbled_deepslate":131,"minecraft:iron_pickaxe":1,"minecraft:oak_planks":10,"minecraft:iron_boots":1,"minecraft:bamboo_chest_raft":1,"minecraft:stick":20,"minecraft:cooked_porkchop":15,"minecraft:copper_ingot":1,"minecraft:torch":1,"minecraft:gravel":5,"minecraft:lava_bucket":1,"minecraft:blast_furnace":1,"minecraft:carrot":33,"minecraft:diamond_chestplate":1,"minecraft:rotten_flesh":5,"minecraft:diamond":46,"minecraft:iron_helmet":1,"minecraft:bread":178,"minecraft:coal":44,"minecraft:cobblestone":106},"minecraft:killed":{"minecraft:drowned":1}},"DataVersion":3953}