{"stats":{"minecraft:mined":{"minecraft:white_bed":2,"minecraft:crying_obsidian":5,"minecraft:tuff":6,"minecraft:spruce_planks":2,"minecraft:deepslate_diamond_ore":46,"minecraft:ladder":5,"minecraft:grass_block":3,"minecraft:spruce_leaves":4,"minecraft:large_fern":7,"minecraft:tall_seagrass":1,"minecraft:furnace":2,"minecraft:iron_ore":4,"minecraft:barrel":3,"minecraft:andesite":21,"minecraft:azure_bluet":1,"minecraft:lantern":7,"minecraft:stripped_oak_log":4,"minecraft:stone":844,"minecraft:ender_chest":3,"minecraft:oak_slab":1,"minecraft:glass_pane":57,"minecraft:kelp_plant":1,"minecraft:smoker":1,"minecraft:basalt":1,"minecraft:spruce_door":1,"minecraft:crafting_table":13,"minecraft:torch":2,"minecraft:short_grass":11,"minecraft:blast_furnace":1,"minecraft:chest":7,"minecraft:copper_ore":2,"minecraft:tall_grass":16,"minecraft:cobblestone":35,"minecraft:oak_planks":34,"minecraft:sugar_cane":116,"minecraft:wall_torch":2,"minecraft:spruce_stairs":2,"minecraft:warped_nylium":1,"minecraft:sweet_berry_bush":3,"minecraft:birch_leaves":1,"minecraft:waxed_copper_block":1,"minecraft:yellow_bed":1,"minecraft:coal_ore":15,"minecraft:gravel":3,"minecraft:dirt":28,"minecraft:stone_bricks":1,"minecraft:netherrack":2,"minecraft:oak_leaves":4,"minecraft:deepslate":132},"minecraft:custom":{"minecraft:interact_with_anvil":2,"minecraft:mob_kills":36,"minecraft:interact_with_crafting_table":40,"minecraft:open_barrel":55,"minecraft:leave_game":11,"minecraft:time_since_death":256596,"minecraft:climb_one_cm":4775,"minecraft:sprint_one_cm":370075,"minecraft:walk_one_cm":324525,"minecraft:damage_blocked_by_shield":645,"minecraft:drop":523,"minecraft:talked_to_villager":3,"minecraft:play_time":256596,"minecraft:sneak_time":11134,"minecraft:walk_under_water_one_cm":36994,"minecraft:boat_one_cm":260505,"minecraft:jump":2326,"minecraft:interact_with_blast_furnace":7,"minecraft:walk_on_water_one_cm":28093,"minecraft:total_world_time":256596,"minecraft:interact_with_furnace":9,"minecraft:play_record":2,"minecraft:sleep_in_bed":3,"minecraft:time_since_rest":196505,"minecraft:damage_taken":1853,"minecraft:open_enderchest":23,"minecraft:damage_dealt":3640,"minecraft:swim_one_cm":23961,"minecraft:fly_one_cm":1237384,"minecraft:open_chest":281,"minecraft:crouch_one_cm":23685,"minecraft:fall_one_cm":64966,"minecraft:inspect_dispenser":2,"minecraft:horse_one_cm":329735},"minecraft:used":{"minecraft:oak_fence":1,"minecraft:cherry_sapling":91,"minecraft:flint_and_steel":5,"minecraft:oak_sign":14,"minecraft:white_concrete_powder":26,"minecraft:chest":19,"minecraft:shield":15,"minecraft:ender_chest":4,"minecraft:rotten_flesh":15,"minecraft:torch":244,"minecraft:soul_sand":1,"minecraft:dirt":6,"minecraft:anvil":1,"minecraft:spruce_stairs":1,"minecraft:bamboo_raft":51,"minecraft:lava_bucket":1,"minecraft:spruce_button":64,"minecraft:basalt":1,"minecraft:lime_concrete":15,"minecraft:bow":4,"minecraft:bamboo_chest_raft":1,"minecraft:furnace":1,"minecraft:potato":1,"minecraft:dragon_head":1,"minecraft:cobbled_deepslate":10,"minecraft:water_bucket":24,"minecraft:ender_pearl":1,"minecraft:diamond_axe":105,"minecraft:waxed_copper_block":1,"minecraft:sand":209,"minecraft:rail":46,"minecraft:crafting_table":12,"minecraft:blast_furnace":2,"minecraft:smoker":2,"minecraft:diamond_pickaxe":1021,"minecraft:black_concrete":57,"minecraft:crying_obsidian":83,"minecraft:tnt_minecart":78,"minecraft:bread":38,"minecraft:iron_pickaxe":123,"minecraft:oak_button":38,"minecraft:diamond_sword":200,"minecraft:cobblestone":345,"minecraft:cooked_porkchop":1,"minecraft:bucket":24,"minecraft:yellow_bed":2,"minecraft:white_concrete":137,"minecraft:bone_meal":288,"minecraft:kelp":8,"minecraft:experience_bottle":1},"minecraft:dropped":{"minecraft:enchanted_book":3,"minecraft:soul_sand":75,"minecraft:wheat_seeds":6,"minecraft:ender_pearl":9,"minecraft:oak_fence":2,"minecraft:iron_helmet":1,"minecraft:cobblestone":136,"minecraft:spectral_arrow":1,"minecraft:leather":4,"minecraft:ominous_trial_key":1,"minecraft:spruce_stairs":1,"minecraft:rail":1,"minecraft:emerald":42,"minecraft:stick":2,"minecraft:tnt_minecart":1,"minecraft:fire_charge":2,"minecraft:potion":5,"minecraft:iron_leggings":22,"minecraft:iron_axe":1,"minecraft:iron_pickaxe":1,"minecraft:chainmail_leggings":30,"minecraft:string":8,"minecraft:bucket":1,"minecraft:gold_ingot":161,"minecraft:gravel":104,"minecraft:kelp":128,"minecraft:blackstone":79,"minecraft:sugar_cane":10,"minecraft:bamboo_chest_raft":1,"minecraft:dragon_head":1,"minecraft:iron_nugget":9,"minecraft:ender_chest":1,"minecraft:blaze_rod":13,"minecraft:nether_brick":56,"minecraft:tuff":6,"minecraft:birch_sapling":2,"minecraft:chicken":1,"minecraft:rotten_flesh":6,"minecraft:oak_planks":208,"minecraft:iron_boots":1,"minecraft:blaze_powder":8,"minecraft:flint_and_steel":1,"minecraft:copper_ore":2,"minecraft:filled_map":3,"minecraft:diamond_sword":1,"minecraft:poppy":1,"minecraft:oak_chest_boat":1,"minecraft:spruce_planks":68,"minecraft:oak_sapling":7,"minecraft:spider_eye":1,"minecraft:bow":2,"minecraft:crying_obsidian":5,"minecraft:netherrack":12},"minecraft:crafted":{"minecraft:ender_chest":1,"minecraft:cherry_planks":4,"minecraft:smooth_stone":3,"minecraft:oak_planks":25,"minecraft:oak_sign":6,"minecraft:spruce_button":62,"minecraft:blaze_powder":2,"minecraft:blast_furnace":1,"minecraft:stone":3,"minecraft:diamond_helmet":1,"minecraft:diamond_leggings":1,"minecraft:chest":12,"minecraft:diamond_boots":1,"minecraft:oak_button":38,"minecraft:ender_eye":1,"minecraft:oak_fence":3,"minecraft:diamond_sword":1,"minecraft:diamond_axe":1,"minecraft:air":0,"minecraft:bread":2,"minecraft:white_wool":4,"minecraft:diamond_pickaxe":1,"minecraft:shield":1,"minecraft:stick":52,"minecraft:iron_ingot":24,"minecraft:iron_pickaxe":1,"minecraft:iron_block":4,"minecraft:anvil":1,"minecraft:diamond_chestplate":1},"minecraft:picked_up":{"minecraft:fishing_rod":1,"minecraft:crafting_table":16,"minecraft:wheat":1,"minecraft:azure_bluet":1,"minecraft:ender_chest":4,"minecraft:ladder":5,"minecraft:diamond_sword":1,"minecraft:potion":5,"minecraft:enchanted_book":2,"minecraft:music_disc_creator":1,"minecraft:nether_brick":67,"minecraft:dragon_head":1,"minecraft:string":26,"minecraft:iron_axe":1,"minecraft:iron_leggings":22,"minecraft:blackstone":164,"minecraft:oak_sign":8,"minecraft:diamond_leggings":1,"minecraft:cobbled_deepslate":131,"minecraft:spruce_planks":88,"minecraft:ender_eye":1,"minecraft:iron_nugget":52,"minecraft:poppy":1,"minecraft:iron_pickaxe":1,"minecraft:sugar_cane":266,"minecraft:chest":7,"minecraft:birch_sapling":2,"minecraft:furnace":2,"minecraft:iron_boots":1,"minecraft:copper_ore":2,"minecraft:bamboo_chest_raft":2,"minecraft:stick":22,"minecraft:raw_iron":4,"minecraft:stone":14,"minecraft:copper_ingot":1,"minecraft:torch":4,"minecraft:spruce_stairs":3,"minecraft:fire_charge":10,"minecraft:carrot":33,"minecraft:arrow":25,"minecraft:rotten_flesh":13,"minecraft:diamond_chestplate":1,"minecraft:gold_ingot":143,"minecraft:oak_chest_boat":1,"minecraft:blaze_rod":13,"minecraft:obsidian":24,"minecraft:blaze_powder":8,"minecraft:cobblestone":1089,"minecraft:stripped_oak_log":6,"minecraft:cooked_beef":4,"minecraft:basalt":1,"minecraft:water_bucket":2,"minecraft:andesite":21,"minecraft:leather":34,"minecraft:smoker":1,"minecraft:potato":28,"minecraft:filled_map":2,"minecraft:flint":1,"minecraft:tuff":12,"minecraft:waxed_copper_block":1,"minecraft:yellow_bed":2,"minecraft:dirt":276,"minecraft:lantern":2,"minecraft:cooked_mutton":19,"minecraft:apple":31,"minecraft:kelp":72,"minecraft:bow":2,"minecraft:wheat_seeds":6,"minecraft:oak_planks":313,"minecraft:soul_sand":76,"minecraft:cooked_porkchop":15,"minecraft:sweet_berries":7,"minecraft:quartz":71,"minecraft:gravel":243,"minecraft:lava_bucket":1,"minecraft:spruce_sapling":2,"minecraft:blast_furnace":2,"minecraft:grass_block":1,"minecraft:crying_obsidian":83,"minecraft:spectral_arrow":119,"minecraft:spider_eye":1,"minecraft:barrel":4,"minecraft:diamond":46,"minecraft:chainmail_leggings":30,"minecraft:iron_helmet":1,"minecraft:cherry_sapling":3,"minecraft:bread":178,"minecraft:spruce_button":2,"minecraft:emerald":42,"minecraft:oak_sapling":7,"minecraft:netherrack":85,"minecraft:coal":62,"minecraft:ender_pearl":11},"minecraft:killed":{"minecraft:spider":3,"minecraft:drowned":2,"minecraft:pig":17,"minecraft:zombie_villager":1,"minecraft:creeper":1,"minecraft:zombie":8,"minecraft:enderman":3}},"DataVersion":3953}