{"stats":{"minecraft:mined":{"minecraft:oak_slab":1,"minecraft:tuff":6,"minecraft:spruce_planks":1,"minecraft:deepslate_diamond_ore":46,"minecraft:crafting_table":8,"minecraft:torch":1,"minecraft:short_grass":4,"minecraft:grass_block":3,"minecraft:tall_grass":8,"minecraft:cobblestone":20,"minecraft:spruce_stairs":1,"minecraft:birch_leaves":1,"minecraft:yellow_bed":1,"minecraft:azure_bluet":1,"minecraft:coal_ore":15,"minecraft:gravel":3,"minecraft:dirt":24,"minecraft:stone":185,"minecraft:oak_leaves":4,"minecraft:deepslate":132},"minecraft:custom":{"minecraft:interact_with_furnace":2,"minecraft:mob_kills":3,"minecraft:interact_with_crafting_table":13,"minecraft:leave_game":3,"minecraft:time_since_death":89620,"minecraft:sleep_in_bed":3,"minecraft:time_since_rest":29529,"minecraft:sprint_one_cm":164477,"minecraft:open_enderchest":5,"minecraft:damage_taken":738,"minecraft:walk_one_cm":76564,"minecraft:damage_blocked_by_shield":235,"minecraft:drop":339,"minecraft:damage_dealt":639,"minecraft:swim_one_cm":18669,"minecraft:talked_to_villager":3,"minecraft:fly_one_cm":578352,"minecraft:open_chest":78,"minecraft:crouch_one_cm":4706,"minecraft:play_time":89620,"minecraft:sneak_time":3176,"minecraft:walk_under_water_one_cm":14131,"minecraft:boat_one_cm":259978,"minecraft:jump":981,"minecraft:interact_with_blast_furnace":2,"minecraft:walk_on_water_one_cm":14815,"minecraft:total_world_time":89620,"minecraft:inspect_dispenser":2,"minecraft:fall_one_cm":31700},"minecraft:used":{"minecraft:water_bucket":2,"minecraft:ender_pearl":1,"minecraft:chest":3,"minecraft:shield":6,"minecraft:ender_chest":1,"minecraft:diamond_axe":14,"minecraft:rotten_flesh":15,"minecraft:torch":3,"minecraft:dirt":4,"minecraft:crafting_table":9,"minecraft:diamond_pickaxe":290,"minecraft:bread":12,"minecraft:iron_pickaxe":123,"minecraft:bow":3,"minecraft:diamond_sword":10,"minecraft:cobblestone":48,"minecraft:bamboo_chest_raft":1,"minecraft:bucket":2,"minecraft:yellow_bed":2,"minecraft:potato":1,"minecraft:cobbled_deepslate":10,"minecraft:experience_bottle":1},"minecraft:crafted":{"minecraft:cherry_planks":4,"minecraft:oak_planks":12,"minecraft:diamond_sword":1,"minecraft:diamond_axe":1,"minecraft:bread":2,"minecraft:air":0,"minecraft:diamond_helmet":1,"minecraft:diamond_leggings":1,"minecraft:diamond_pickaxe":1,"minecraft:shield":1,"minecraft:stick":52,"minecraft:iron_ingot":15,"minecraft:iron_pickaxe":1,"minecraft:chest":3,"minecraft:diamond_boots":1,"minecraft:diamond_chestplate":1},"minecraft:dropped":{"minecraft:gravel":2,"minecraft:enchanted_book":3,"minecraft:wheat_seeds":2,"minecraft:bamboo_chest_raft":1,"minecraft:dragon_head":1,"minecraft:ender_chest":1,"minecraft:tuff":6,"minecraft:birch_sapling":2,"minecraft:chicken":1,"minecraft:iron_helmet":1,"minecraft:rotten_flesh":6,"minecraft:oak_planks":208,"minecraft:iron_boots":1,"minecraft:blaze_powder":7,"minecraft:ominous_trial_key":1,"minecraft:spruce_stairs":1,"minecraft:stick":2,"minecraft:emerald":42,"minecraft:filled_map":3,"minecraft:diamond_sword":1,"minecraft:oak_chest_boat":1,"minecraft:spruce_planks":4,"minecraft:oak_sapling":7,"minecraft:iron_leggings":22,"minecraft:iron_axe":1,"minecraft:bow":2,"minecraft:iron_pickaxe":1,"minecraft:chainmail_leggings":30,"minecraft:bucket":1},"minecraft:picked_up":{"minecraft:fishing_rod":1,"minecraft:crafting_table":11,"minecraft:azure_bluet":1,"minecraft:cooked_beef":4,"minecraft:ender_chest":1,"minecraft:water_bucket":2,"minecraft:diamond_sword":1,"minecraft:potato":28,"minecraft:filled_map":2,"minecraft:enchanted_book":1,"minecraft:flint":1,"minecraft:tuff":12,"minecraft:dragon_head":1,"minecraft:yellow_bed":2,"minecraft:dirt":155,"minecraft:iron_axe":1,"minecraft:iron_leggings":22,"minecraft:cooked_mutton":14,"minecraft:apple":31,"minecraft:bow":2,"minecraft:wheat_seeds":2,"minecraft:diamond_leggings":1,"minecraft:cobbled_deepslate":131,"minecraft:spruce_planks":4,"minecraft:iron_pickaxe":1,"minecraft:birch_sapling":2,"minecraft:oak_planks":250,"minecraft:iron_boots":1,"minecraft:bamboo_chest_raft":2,"minecraft:stick":21,"minecraft:cooked_porkchop":15,"minecraft:copper_ingot":1,"minecraft:torch":1,"minecraft:spruce_stairs":2,"minecraft:gravel":5,"minecraft:lava_bucket":1,"minecraft:blast_furnace":1,"minecraft:carrot":33,"minecraft:rotten_flesh":6,"minecraft:diamond_chestplate":1,"minecraft:diamond":46,"minecraft:chainmail_leggings":30,"minecraft:iron_helmet":1,"minecraft:bread":178,"minecraft:emerald":42,"minecraft:oak_chest_boat":1,"minecraft:oak_sapling":7,"minecraft:coal":59,"minecraft:blaze_powder":7,"minecraft:cobblestone":310},"minecraft:killed":{"minecraft:zombie_villager":1,"minecraft:drowned":2}},"DataVersion":3953}