{"stats":{"minecraft:mined":{"minecraft:crying_obsidian":1,"minecraft:tuff":6,"minecraft:spruce_planks":1,"minecraft:deepslate_diamond_ore":46,"minecraft:grass_block":3,"minecraft:spruce_leaves":4,"minecraft:large_fern":7,"minecraft:tall_seagrass":1,"minecraft:furnace":2,"minecraft:iron_ore":4,"minecraft:andesite":21,"minecraft:azure_bluet":1,"minecraft:stripped_oak_log":4,"minecraft:stone":759,"minecraft:ender_chest":2,"minecraft:oak_slab":1,"minecraft:kelp_plant":1,"minecraft:basalt":1,"minecraft:spruce_door":1,"minecraft:crafting_table":11,"minecraft:torch":1,"minecraft:short_grass":11,"minecraft:chest":3,"minecraft:copper_ore":2,"minecraft:tall_grass":16,"minecraft:cobblestone":32,"minecraft:oak_planks":3,"minecraft:sugar_cane":116,"minecraft:spruce_stairs":2,"minecraft:warped_nylium":1,"minecraft:sweet_berry_bush":3,"minecraft:birch_leaves":1,"minecraft:waxed_copper_block":1,"minecraft:yellow_bed":1,"minecraft:coal_ore":15,"minecraft:gravel":3,"minecraft:dirt":28,"minecraft:netherrack":2,"minecraft:oak_leaves":4,"minecraft:deepslate":132},"minecraft:custom":{"minecraft:mob_kills":19,"minecraft:interact_with_anvil":2,"minecraft:interact_with_crafting_table":36,"minecraft:open_barrel":32,"minecraft:leave_game":8,"minecraft:time_since_death":192942,"minecraft:climb_one_cm":2738,"minecraft:sprint_one_cm":341759,"minecraft:walk_one_cm":236881,"minecraft:damage_blocked_by_shield":645,"minecraft:drop":517,"minecraft:talked_to_villager":3,"minecraft:play_time":192942,"minecraft:sneak_time":7741,"minecraft:walk_under_water_one_cm":31440,"minecraft:boat_one_cm":259978,"minecraft:jump":2099,"minecraft:interact_with_blast_furnace":7,"minecraft:walk_on_water_one_cm":26070,"minecraft:total_world_time":192942,"minecraft:interact_with_furnace":5,"minecraft:sleep_in_bed":3,"minecraft:time_since_rest":132851,"minecraft:open_enderchest":19,"minecraft:damage_taken":1673,"minecraft:damage_dealt":3640,"minecraft:swim_one_cm":23961,"minecraft:fly_one_cm":935902,"minecraft:open_chest":231,"minecraft:crouch_one_cm":18954,"minecraft:fall_one_cm":61296,"minecraft:inspect_dispenser":2,"minecraft:horse_one_cm":329735},"minecraft:used":{"minecraft:oak_fence":1,"minecraft:oak_sign":13,"minecraft:chest":19,"minecraft:shield":15,"minecraft:ender_chest":3,"minecraft:rotten_flesh":15,"minecraft:torch":5,"minecraft:soul_sand":1,"minecraft:dirt":6,"minecraft:anvil":1,"minecraft:spruce_stairs":1,"minecraft:lava_bucket":1,"minecraft:basalt":1,"minecraft:bow":4,"minecraft:bamboo_chest_raft":1,"minecraft:furnace":1,"minecraft:potato":1,"minecraft:cobbled_deepslate":10,"minecraft:water_bucket":22,"minecraft:ender_pearl":1,"minecraft:diamond_axe":30,"minecraft:waxed_copper_block":1,"minecraft:crafting_table":12,"minecraft:blast_furnace":2,"minecraft:smoker":2,"minecraft:diamond_pickaxe":917,"minecraft:crying_obsidian":24,"minecraft:bread":35,"minecraft:iron_pickaxe":123,"minecraft:diamond_sword":200,"minecraft:cobblestone":146,"minecraft:cooked_porkchop":1,"minecraft:bucket":23,"minecraft:yellow_bed":2,"minecraft:kelp":8,"minecraft:experience_bottle":1},"minecraft:dropped":{"minecraft:enchanted_book":3,"minecraft:soul_sand":75,"minecraft:wheat_seeds":6,"minecraft:ender_pearl":9,"minecraft:oak_fence":2,"minecraft:iron_helmet":1,"minecraft:cobblestone":135,"minecraft:spectral_arrow":1,"minecraft:leather":4,"minecraft:ominous_trial_key":1,"minecraft:spruce_stairs":1,"minecraft:stick":2,"minecraft:emerald":42,"minecraft:fire_charge":2,"minecraft:potion":5,"minecraft:iron_leggings":22,"minecraft:iron_axe":1,"minecraft:iron_pickaxe":1,"minecraft:chainmail_leggings":30,"minecraft:string":8,"minecraft:bucket":1,"minecraft:gold_ingot":161,"minecraft:gravel":104,"minecraft:kelp":128,"minecraft:blackstone":79,"minecraft:sugar_cane":10,"minecraft:bamboo_chest_raft":1,"minecraft:dragon_head":1,"minecraft:iron_nugget":9,"minecraft:ender_chest":1,"minecraft:blaze_rod":13,"minecraft:nether_brick":56,"minecraft:tuff":6,"minecraft:birch_sapling":2,"minecraft:chicken":1,"minecraft:rotten_flesh":6,"minecraft:oak_planks":208,"minecraft:iron_boots":1,"minecraft:blaze_powder":8,"minecraft:filled_map":3,"minecraft:diamond_sword":1,"minecraft:poppy":1,"minecraft:oak_chest_boat":1,"minecraft:spruce_planks":4,"minecraft:oak_sapling":7,"minecraft:spider_eye":1,"minecraft:bow":2,"minecraft:crying_obsidian":5,"minecraft:netherrack":12},"minecraft:crafted":{"minecraft:ender_chest":1,"minecraft:cherry_planks":4,"minecraft:smooth_stone":3,"minecraft:oak_planks":25,"minecraft:oak_sign":6,"minecraft:blaze_powder":2,"minecraft:blast_furnace":1,"minecraft:stone":3,"minecraft:diamond_helmet":1,"minecraft:diamond_leggings":1,"minecraft:chest":12,"minecraft:diamond_boots":1,"minecraft:ender_eye":1,"minecraft:oak_fence":3,"minecraft:diamond_sword":1,"minecraft:diamond_axe":1,"minecraft:bread":2,"minecraft:air":0,"minecraft:white_wool":4,"minecraft:diamond_pickaxe":1,"minecraft:shield":1,"minecraft:stick":52,"minecraft:iron_ingot":24,"minecraft:iron_pickaxe":1,"minecraft:iron_block":4,"minecraft:anvil":1,"minecraft:diamond_chestplate":1},"minecraft:picked_up":{"minecraft:fishing_rod":1,"minecraft:crafting_table":14,"minecraft:wheat":1,"minecraft:azure_bluet":1,"minecraft:ender_chest":3,"minecraft:diamond_sword":1,"minecraft:potion":5,"minecraft:enchanted_book":2,"minecraft:nether_brick":67,"minecraft:dragon_head":1,"minecraft:string":26,"minecraft:iron_axe":1,"minecraft:iron_leggings":22,"minecraft:oak_sign":7,"minecraft:blackstone":164,"minecraft:diamond_leggings":1,"minecraft:cobbled_deepslate":131,"minecraft:spruce_planks":4,"minecraft:ender_eye":1,"minecraft:iron_nugget":52,"minecraft:poppy":1,"minecraft:iron_pickaxe":1,"minecraft:sugar_cane":266,"minecraft:chest":3,"minecraft:birch_sapling":2,"minecraft:copper_ore":2,"minecraft:furnace":2,"minecraft:iron_boots":1,"minecraft:bamboo_chest_raft":2,"minecraft:stick":21,"minecraft:raw_iron":4,"minecraft:stone":13,"minecraft:copper_ingot":1,"minecraft:torch":1,"minecraft:spruce_stairs":3,"minecraft:fire_charge":10,"minecraft:carrot":33,"minecraft:arrow":25,"minecraft:diamond_chestplate":1,"minecraft:rotten_flesh":13,"minecraft:gold_ingot":143,"minecraft:oak_chest_boat":1,"minecraft:blaze_rod":13,"minecraft:obsidian":24,"minecraft:blaze_powder":8,"minecraft:cobblestone":997,"minecraft:stripped_oak_log":6,"minecraft:basalt":1,"minecraft:cooked_beef":4,"minecraft:water_bucket":2,"minecraft:andesite":21,"minecraft:leather":34,"minecraft:potato":28,"minecraft:filled_map":2,"minecraft:flint":1,"minecraft:waxed_copper_block":1,"minecraft:tuff":12,"minecraft:yellow_bed":2,"minecraft:dirt":160,"minecraft:cooked_mutton":19,"minecraft:apple":31,"minecraft:kelp":72,"minecraft:bow":2,"minecraft:wheat_seeds":6,"minecraft:soul_sand":76,"minecraft:oak_planks":285,"minecraft:cooked_porkchop":15,"minecraft:sweet_berries":7,"minecraft:quartz":71,"minecraft:gravel":243,"minecraft:lava_bucket":1,"minecraft:spruce_sapling":2,"minecraft:blast_furnace":1,"minecraft:grass_block":1,"minecraft:spectral_arrow":119,"minecraft:crying_obsidian":79,"minecraft:spider_eye":1,"minecraft:diamond":46,"minecraft:chainmail_leggings":30,"minecraft:iron_helmet":1,"minecraft:emerald":42,"minecraft:bread":178,"minecraft:oak_sapling":7,"minecraft:netherrack":85,"minecraft:coal":59,"minecraft:ender_pearl":11},"minecraft:killed":{"minecraft:spider":3,"minecraft:drowned":2,"minecraft:zombie_villager":1,"minecraft:creeper":1,"minecraft:zombie":8,"minecraft:enderman":3}},"DataVersion":3953}