{"stats":{"minecraft:used":{"minecraft:warden_spawn_egg":1,"minecraft:netherite_sword":11,"minecraft:diamond_block":274,"minecraft:dirt":3,"minecraft:flint_and_steel":6,"minecraft:tnt":87,"minecraft:egg":91},"minecraft:picked_up":{"minecraft:wheat_seeds":2,"minecraft:dirt":85,"minecraft:cobblestone":19,"minecraft:egg":1},"minecraft:custom":{"minecraft:time_since_rest":24607,"minecraft:crouch_one_cm":490,"minecraft:sprint_one_cm":23101,"minecraft:play_time":29456,"minecraft:deaths":2,"minecraft:damage_taken":505,"minecraft:walk_one_cm":18493,"minecraft:sneak_time":301,"minecraft:walk_under_water_one_cm":333,"minecraft:mob_kills":2,"minecraft:jump":425,"minecraft:damage_dealt":1173,"minecraft:leave_game":12,"minecraft:walk_on_water_one_cm":926,"minecraft:time_since_death":23903,"minecraft:total_world_time":29456,"minecraft:swim_one_cm":3139,"minecraft:fall_one_cm":2475,"minecraft:fly_one_cm":177299},"minecraft:killed_by":{"minecraft:skeleton":1,"minecraft:zombie":1},"minecraft:mined":{"minecraft:grass":4}},"DataVersion":3463}