{"stats":{"minecraft:picked_up":{"minecraft:stick":2,"minecraft:crafting_table":1,"minecraft:raw_iron":13,"minecraft:dandelion":3,"minecraft:leather":10,"minecraft:wooden_pickaxe":1,"minecraft:potato":20,"minecraft:oak_log":14,"minecraft:shield":2,"minecraft:cornflower":1,"minecraft:lapis_lazuli":21,"minecraft:dirt":12,"minecraft:cooked_mutton":3,"minecraft:diamond_chestplate":1,"minecraft:rotten_flesh":3,"minecraft:apple":3,"minecraft:diamond":1,"minecraft:stone_axe":1,"minecraft:wheat_seeds":6,"minecraft:cobbled_deepslate":1,"minecraft:raw_gold":3,"minecraft:iron_ingot":2,"minecraft:granite":27,"minecraft:stone_pickaxe":1,"minecraft:bread":74,"minecraft:iron_pickaxe":1,"minecraft:oak_sapling":1,"minecraft:black_wool":1,"minecraft:egg":2,"minecraft:oak_planks":27,"minecraft:white_wool":5,"minecraft:cobblestone":30,"minecraft:furnace":1},"minecraft:used":{"minecraft:netherite_sword":7,"minecraft:hoglin_spawn_egg":1,"minecraft:torchflower":18,"minecraft:firework_rocket":29,"minecraft:wind_charge":35,"minecraft:grass_block":30,"minecraft:panda_spawn_egg":6,"minecraft:spawner":1,"minecraft:dirt":4,"minecraft:egg":48,"minecraft:bone_meal":827,"minecraft:cherry_sapling":173,"minecraft:granite":14},"minecraft:killed":{"minecraft:panda":1,"minecraft:zoglin":1},"minecraft:dropped":{"minecraft:iron_ingot":3,"minecraft:bread":16,"minecraft:furnace":1,"minecraft:dirt":2,"minecraft:potato":2,"minecraft:shield":1,"minecraft:wheat_seeds":1,"minecraft:diamond_block":1,"minecraft:lapis_lazuli":1,"minecraft:oak_log":14,"minecraft:tnt":64,"minecraft:oak_sapling":1,"minecraft:cobblestone":8,"minecraft:oak_planks":2,"minecraft:leather":3,"minecraft:apple":65,"minecraft:granite":2,"minecraft:wooden_pickaxe":1,"minecraft:cooked_mutton":1,"minecraft:white_wool":1,"minecraft:flint_and_steel":1,"minecraft:stick":1},"minecraft:custom":{"minecraft:interact_with_furnace":4,"minecraft:time_since_rest":48593,"minecraft:sprint_one_cm":103223,"minecraft:damage_taken":20,"minecraft:walk_one_cm":131287,"minecraft:mob_kills":2,"minecraft:drop":111,"minecraft:damage_dealt":1024,"minecraft:talked_to_villager":1,"minecraft:player_kills":1,"minecraft:fly_one_cm":287917,"minecraft:crouch_one_cm":4888,"minecraft:play_time":48593,"minecraft:walk_under_water_one_cm":6159,"minecraft:sneak_time":1209,"minecraft:aviate_one_cm":509128,"minecraft:jump":956,"minecraft:walk_on_water_one_cm":1575,"minecraft:time_since_death":48593,"minecraft:total_world_time":48593,"minecraft:horse_one_cm":62058,"minecraft:fall_one_cm":693}},"DataVersion":3953}