{"stats":{"minecraft:used":{"minecraft:cherry_sapling":173,"minecraft:netherite_sword":7,"minecraft:end_rod":5,"minecraft:torchflower":18,"minecraft:flint_and_steel":19,"minecraft:redstone":2,"minecraft:axolotl_spawn_egg":4,"minecraft:chest":1,"minecraft:donkey_spawn_egg":15,"minecraft:cherry_planks":75,"minecraft:calibrated_sculk_sensor":2,"minecraft:netherrack":99,"minecraft:snow_golem_spawn_egg":19,"minecraft:pink_concrete":48,"minecraft:dirt":4,"minecraft:target":5,"minecraft:terracotta":55,"minecraft:tnt":18,"minecraft:painting":14,"minecraft:granite":14,"minecraft:obsidian":65,"minecraft:warden_spawn_egg":3,"minecraft:redstone_torch":2,"minecraft:sticky_piston":1,"minecraft:netherite_block":1,"minecraft:lever":2,"minecraft:hoglin_spawn_egg":1,"minecraft:lava_bucket":21,"minecraft:firework_rocket":29,"minecraft:cherry_door":3,"minecraft:stripped_jungle_log":140,"minecraft:wind_charge":35,"minecraft:grass_block":67,"minecraft:panda_spawn_egg":6,"minecraft:string":2,"minecraft:pig_spawn_egg":77,"minecraft:spawner":1,"minecraft:cherry_fence_gate":1,"minecraft:bedrock":75,"minecraft:repeater":2,"minecraft:pink_petals":2,"minecraft:cherry_stairs":38,"minecraft:redstone_lamp":6,"minecraft:green_concrete_powder":41,"minecraft:egg":48,"minecraft:cherry_fence":16,"minecraft:cherry_log":3,"minecraft:bone_meal":910,"minecraft:soul_torch":4},"minecraft:picked_up":{"minecraft:crafting_table":1,"minecraft:water_bucket":2,"minecraft:leather":22,"minecraft:redstone_lamp":2,"minecraft:green_concrete_powder":13,"minecraft:wooden_pickaxe":1,"minecraft:potato":20,"minecraft:oak_log":14,"minecraft:shield":2,"minecraft:cornflower":1,"minecraft:lapis_lazuli":21,"minecraft:dirt":86,"minecraft:cooked_mutton":3,"minecraft:apple":3,"minecraft:wheat_seeds":7,"minecraft:cobbled_deepslate":1,"minecraft:raw_gold":3,"minecraft:iron_ingot":2,"minecraft:oak_fence_gate":1,"minecraft:stone_pickaxe":1,"minecraft:iron_pickaxe":1,"minecraft:oak_planks":27,"minecraft:furnace":1,"minecraft:egg":2,"minecraft:stick":2,"minecraft:raw_iron":14,"minecraft:torch":1,"minecraft:dandelion":4,"minecraft:porkchop":40,"minecraft:target":1,"minecraft:blast_furnace":1,"minecraft:diorite":1,"minecraft:tnt":1,"minecraft:arrow":2,"minecraft:rotten_flesh":5,"minecraft:diamond_chestplate":1,"minecraft:diamond":1,"minecraft:stone_axe":1,"minecraft:iron_helmet":1,"minecraft:granite":27,"minecraft:diamond_axe":1,"minecraft:end_rod":120,"minecraft:bread":74,"minecraft:terracotta":1,"minecraft:oak_sapling":1,"minecraft:cherry_slab":1,"minecraft:black_wool":1,"minecraft:coal":3,"minecraft:snowball":80,"minecraft:white_wool":5,"minecraft:cobblestone":63},"minecraft:dropped":{"minecraft:water_bucket":3,"minecraft:iron_ingot":3,"minecraft:bread":16,"minecraft:furnace":1,"minecraft:iron_sword":1,"minecraft:porkchop":40,"minecraft:diamond_block":1,"minecraft:wheat_seeds":1,"minecraft:lapis_lazuli":1,"minecraft:diamond_axe":1,"minecraft:oak_log":14,"minecraft:tnt":65,"minecraft:diamond":1,"minecraft:raw_iron":1,"minecraft:iron_helmet":3,"minecraft:cobblestone":8,"minecraft:rotten_flesh":2,"minecraft:oak_planks":2,"minecraft:iron_boots":2,"minecraft:leather":15,"minecraft:apple":65,"minecraft:granite":2,"minecraft:cherry_slab":1,"minecraft:cooked_mutton":1,"minecraft:coal":3,"minecraft:flint_and_steel":1,"minecraft:target":1,"minecraft:blast_furnace":1,"minecraft:stick":1,"minecraft:dirt":2,"minecraft:potato":3,"minecraft:shield":2,"minecraft:iron_chestplate":2,"minecraft:oak_sapling":1,"minecraft:snowball":72,"minecraft:iron_leggings":2,"minecraft:bow":2,"minecraft:iron_axe":1,"minecraft:arrow":64,"minecraft:wooden_pickaxe":1,"minecraft:iron_pickaxe":1,"minecraft:white_wool":1,"minecraft:terracotta":1},"minecraft:custom":{"minecraft:interact_with_furnace":4,"minecraft:mob_kills":79,"minecraft:leave_game":4,"minecraft:time_since_death":125110,"minecraft:climb_one_cm":417,"minecraft:time_since_rest":125110,"minecraft:sprint_one_cm":194713,"minecraft:damage_taken":200,"minecraft:walk_one_cm":277982,"minecraft:drop":149,"minecraft:damage_dealt":26365,"minecraft:talked_to_villager":3,"minecraft:fly_one_cm":934543,"minecraft:player_kills":2,"minecraft:open_chest":11,"minecraft:crouch_one_cm":12649,"minecraft:play_time":125110,"minecraft:sneak_time":4044,"minecraft:walk_under_water_one_cm":6554,"minecraft:jump":1447,"minecraft:aviate_one_cm":539573,"minecraft:interact_with_blast_furnace":2,"minecraft:walk_on_water_one_cm":2188,"minecraft:total_world_time":125110,"minecraft:fall_one_cm":2721,"minecraft:horse_one_cm":62058},"minecraft:killed":{"minecraft:pig":37,"minecraft:zoglin":1,"minecraft:donkey":28,"minecraft:panda":1,"minecraft:chicken":1,"minecraft:snow_golem":8,"minecraft:warden":3}},"DataVersion":3953}