{"stats":{"minecraft:custom":{"minecraft:time_since_rest":27042,"minecraft:crouch_one_cm":564,"minecraft:sprint_one_cm":23993,"minecraft:play_time":31891,"minecraft:deaths":2,"minecraft:damage_taken":505,"minecraft:walk_one_cm":20853,"minecraft:sneak_time":384,"minecraft:walk_under_water_one_cm":333,"minecraft:mob_kills":3,"minecraft:drop":1,"minecraft:jump":465,"minecraft:damage_dealt":3995,"minecraft:leave_game":13,"minecraft:walk_on_water_one_cm":1206,"minecraft:time_since_death":26338,"minecraft:total_world_time":31891,"minecraft:swim_one_cm":3139,"minecraft:fall_one_cm":2475,"minecraft:fly_one_cm":200808},"minecraft:mined":{"minecraft:grass":4},"minecraft:picked_up":{"minecraft:wheat_seeds":2,"minecraft:netherite_sword":1,"minecraft:porkchop":1,"minecraft:dirt":101,"minecraft:cobblestone":32,"minecraft:egg":1},"minecraft:killed_by":{"minecraft:skeleton":1,"minecraft:zombie":1},"minecraft:used":{"minecraft:warden_spawn_egg":1,"minecraft:netherite_sword":38,"minecraft:diamond_block":274,"minecraft:dirt":3,"minecraft:flint_and_steel":6,"minecraft:tnt":87,"minecraft:egg":91},"minecraft:killed":{"minecraft:warden":1},"minecraft:dropped":{"minecraft:netherite_sword":1}},"DataVersion":3463}