{"stats":{"minecraft:picked_up":{"minecraft:crafting_table":5,"minecraft:wheat":18,"minecraft:chicken":2,"minecraft:redstone_lamp":2,"minecraft:brown_mushroom":14,"minecraft:wooden_pickaxe":1,"minecraft:oak_stairs":2,"minecraft:shield":3,"minecraft:cornflower":1,"minecraft:string":19,"minecraft:oak_trapdoor":5,"minecraft:cooked_salmon":2,"minecraft:iron_leggings":1,"minecraft:beetroot":3,"minecraft:cobbled_deepslate":78,"minecraft:spruce_planks":14,"minecraft:beef":2,"minecraft:iron_pickaxe":4,"minecraft:lectern":1,"minecraft:sugar_cane":20,"minecraft:chest":2,"minecraft:furnace":4,"minecraft:iron_boots":1,"minecraft:egg":5,"minecraft:stick":26,"minecraft:raw_iron":235,"minecraft:composter":1,"minecraft:torch":48,"minecraft:porkchop":40,"minecraft:target":1,"minecraft:diorite":2,"minecraft:carrot":39,"minecraft:redstone":54,"minecraft:cauldron":1,"minecraft:tnt":1,"minecraft:arrow":19,"minecraft:rotten_flesh":32,"minecraft:diamond_chestplate":1,"minecraft:beetroot_seeds":6,"minecraft:hay_block":12,"minecraft:end_rod":120,"minecraft:obsidian":7,"minecraft:mutton":3,"minecraft:snowball":80,"minecraft:white_wool":11,"minecraft:cobblestone":165,"minecraft:stripped_oak_log":3,"minecraft:feather":7,"minecraft:cooked_beef":3,"minecraft:andesite":9,"minecraft:water_bucket":2,"minecraft:salmon":27,"minecraft:leather":30,"minecraft:green_concrete_powder":13,"minecraft:potato":50,"minecraft:flint":1,"minecraft:oak_log":115,"minecraft:yellow_bed":2,"minecraft:gunpowder":6,"minecraft:lapis_lazuli":129,"minecraft:dirt":105,"minecraft:piglin_head":1,"minecraft:cooked_mutton":17,"minecraft:bone":20,"minecraft:apple":3,"minecraft:bow":2,"minecraft:wheat_seeds":61,"minecraft:raw_gold":19,"minecraft:bell":1,"minecraft:iron_ingot":6,"minecraft:oak_fence_gate":1,"minecraft:stone_pickaxe":1,"minecraft:cooked_chicken":3,"minecraft:iron_sword":2,"minecraft:oak_planks":80,"minecraft:cooked_porkchop":21,"minecraft:dandelion":4,"minecraft:gravel":10,"minecraft:lava_bucket":1,"minecraft:blast_furnace":1,"minecraft:ink_sac":1,"minecraft:white_bed":2,"minecraft:spruce_log":43,"minecraft:spider_eye":6,"minecraft:diamond":27,"minecraft:stone_axe":3,"minecraft:iron_helmet":2,"minecraft:granite":28,"minecraft:diamond_axe":1,"minecraft:bone_meal":1,"minecraft:bread":74,"minecraft:terracotta":1,"minecraft:oak_sapling":1,"minecraft:cherry_slab":1,"minecraft:black_wool":1,"minecraft:coal":235},"minecraft:used":{"minecraft:oak_trapdoor":11,"minecraft:cherry_sapling":173,"minecraft:netherite_sword":7,"minecraft:stone_sword":151,"minecraft:flint_and_steel":19,"minecraft:redstone":2,"minecraft:chest":6,"minecraft:axolotl_spawn_egg":4,"minecraft:spruce_planks":129,"minecraft:shield":46,"minecraft:donkey_spawn_egg":15,"minecraft:iron_sword":125,"minecraft:cooked_salmon":1,"minecraft:bell":1,"minecraft:cooked_chicken":3,"minecraft:rotten_flesh":5,"minecraft:netherrack":99,"minecraft:torch":109,"minecraft:dirt":23,"minecraft:target":5,"minecraft:carrot":26,"minecraft:granite":15,"minecraft:obsidian":65,"minecraft:milk_bucket":2,"minecraft:warden_spawn_egg":3,"minecraft:lava_bucket":69,"minecraft:panda_spawn_egg":6,"minecraft:grass_block":67,"minecraft:spawner":1,"minecraft:cherry_fence_gate":1,"minecraft:repeater":2,"minecraft:bedrock":75,"minecraft:redstone_lamp":6,"minecraft:furnace":4,"minecraft:egg":48,"minecraft:potato":26,"minecraft:cobbled_deepslate":1,"minecraft:cherry_fence":16,"minecraft:cherry_log":3,"minecraft:cooked_mutton":4,"minecraft:water_bucket":10,"minecraft:end_rod":5,"minecraft:torchflower":18,"minecraft:stone_pickaxe":131,"minecraft:oak_planks":360,"minecraft:wooden_pickaxe":14,"minecraft:cherry_planks":75,"minecraft:calibrated_sculk_sensor":2,"minecraft:snow_golem_spawn_egg":19,"minecraft:pink_concrete":48,"minecraft:white_wool":1,"minecraft:terracotta":55,"minecraft:tnt":18,"minecraft:crafting_table":9,"minecraft:white_bed":3,"minecraft:painting":14,"minecraft:redstone_torch":2,"minecraft:sticky_piston":1,"minecraft:diamond_pickaxe":10,"minecraft:netherite_block":1,"minecraft:lever":2,"minecraft:hoglin_spawn_egg":1,"minecraft:firework_rocket":29,"minecraft:cherry_door":3,"minecraft:stripped_jungle_log":140,"minecraft:wind_charge":35,"minecraft:bread":35,"minecraft:iron_pickaxe":278,"minecraft:string":2,"minecraft:pig_spawn_egg":77,"minecraft:stone_axe":184,"minecraft:pink_petals":2,"minecraft:cherry_stairs":38,"minecraft:cobblestone":51,"minecraft:cooked_porkchop":3,"minecraft:green_concrete_powder":41,"minecraft:bucket":60,"minecraft:yellow_bed":2,"minecraft:bone_meal":910,"minecraft:soul_torch":4},"minecraft:broken":{"minecraft:stone_sword":1,"minecraft:stone_pickaxe":1,"minecraft:stone_axe":1},"minecraft:mined":{"minecraft:spruce_planks":4,"minecraft:white_bed":2,"minecraft:deepslate_diamond_ore":11,"minecraft:obsidian":9,"minecraft:granite":2,"minecraft:grass_block":1,"minecraft:spruce_leaves":12,"minecraft:composter":2,"minecraft:hay_block":12,"minecraft:tall_seagrass":2,"minecraft:oak_trapdoor":6,"minecraft:furnace":3,"minecraft:carrots":11,"minecraft:iron_ore":99,"minecraft:fire":8,"minecraft:deepslate_lapis_ore":9,"minecraft:bell":1,"minecraft:potatoes":9,"minecraft:deepslate_iron_ore":34,"minecraft:water_cauldron":4,"minecraft:oak_stairs":1,"minecraft:stripped_oak_log":3,"minecraft:stone":87,"minecraft:deepslate_redstone_ore":6,"minecraft:brown_mushroom":7,"minecraft:crafting_table":3,"minecraft:short_grass":5,"minecraft:chest":2,"minecraft:copper_ore":1,"minecraft:lectern":1,"minecraft:tall_grass":1,"minecraft:cobblestone":9,"minecraft:deepslate_gold_ore":5,"minecraft:lapis_ore":5,"minecraft:oak_planks":19,"minecraft:sugar_cane":8,"minecraft:diorite":1,"minecraft:seagrass":1,"minecraft:wheat":26,"minecraft:spruce_log":40,"minecraft:yellow_bed":2,"minecraft:coal_ore":117,"minecraft:oak_log":103,"minecraft:beetroots":3,"minecraft:gravel":10,"minecraft:dirt":3,"minecraft:gold_ore":3,"minecraft:deepslate":20},"minecraft:dropped":{"minecraft:water_bucket":3,"minecraft:iron_ingot":3,"minecraft:bread":16,"minecraft:iron_sword":2,"minecraft:porkchop":40,"minecraft:wheat_seeds":1,"minecraft:lapis_lazuli":1,"minecraft:diamond_axe":1,"minecraft:cooked_beef":1,"minecraft:oak_log":14,"minecraft:tnt":65,"minecraft:diamond":1,"minecraft:iron_helmet":3,"minecraft:feather":2,"minecraft:cobblestone":8,"minecraft:leather":15,"minecraft:apple":65,"minecraft:granite":2,"minecraft:coal":3,"minecraft:stick":1,"minecraft:dirt":2,"minecraft:diorite":1,"minecraft:ink_sac":1,"minecraft:torch":16,"minecraft:snowball":72,"minecraft:iron_leggings":2,"minecraft:bone_meal":1,"minecraft:iron_axe":1,"minecraft:iron_pickaxe":3,"minecraft:white_wool":1,"minecraft:cauldron":1,"minecraft:gravel":10,"minecraft:furnace":1,"minecraft:stone_axe":1,"minecraft:diamond_block":1,"minecraft:raw_iron":1,"minecraft:chicken":1,"minecraft:rotten_flesh":5,"minecraft:oak_planks":2,"minecraft:iron_boots":2,"minecraft:cherry_slab":1,"minecraft:cooked_mutton":1,"minecraft:flint_and_steel":1,"minecraft:blast_furnace":1,"minecraft:target":1,"minecraft:potato":3,"minecraft:shield":2,"minecraft:gunpowder":2,"minecraft:iron_chestplate":2,"minecraft:andesite":9,"minecraft:oak_sapling":1,"minecraft:spider_eye":1,"minecraft:bow":2,"minecraft:arrow":64,"minecraft:wooden_pickaxe":2,"minecraft:terracotta":1},"minecraft:killed_by":{"minecraft:zombie":1},"minecraft:custom":{"minecraft:mob_kills":175,"minecraft:interact_with_crafting_table":43,"minecraft:bell_ring":76,"minecraft:leave_game":5,"minecraft:time_since_death":22463,"minecraft:climb_one_cm":417,"minecraft:sprint_one_cm":436180,"minecraft:walk_one_cm":665629,"minecraft:damage_blocked_by_shield":1676,"minecraft:drop":168,"minecraft:talked_to_villager":20,"minecraft:play_time":280333,"minecraft:sneak_time":22987,"minecraft:deaths":1,"minecraft:walk_under_water_one_cm":124149,"minecraft:jump":3820,"minecraft:interact_with_blast_furnace":2,"minecraft:walk_on_water_one_cm":21851,"minecraft:total_world_time":280333,"minecraft:interact_with_furnace":32,"minecraft:sleep_in_bed":4,"minecraft:time_since_rest":20307,"minecraft:damage_taken":2985,"minecraft:damage_dealt":41091,"minecraft:player_kills":2,"minecraft:swim_one_cm":22415,"minecraft:fly_one_cm":1415336,"minecraft:open_chest":35,"minecraft:crouch_one_cm":85813,"minecraft:aviate_one_cm":539573,"minecraft:fall_one_cm":48506,"minecraft:horse_one_cm":62058},"minecraft:killed":{"minecraft:spider":8,"minecraft:zoglin":1,"minecraft:skeleton":18,"minecraft:panda":1,"minecraft:chicken":2,"minecraft:snow_golem":8,"minecraft:warden":3,"minecraft:pig":41,"minecraft:zombie_villager":1,"minecraft:salmon":16,"minecraft:iron_golem":1,"minecraft:creeper":2,"minecraft:sheep":5,"minecraft:donkey":28,"minecraft:zombie":36,"minecraft:cow":1},"minecraft:crafted":{"minecraft:oak_planks":416,"minecraft:furnace":1,"minecraft:cooked_mutton":3,"minecraft:oak_trapdoor":8,"minecraft:iron_boots":1,"minecraft:stone_pickaxe":1,"minecraft:chest":3,"minecraft:wheat":108,"minecraft:crafting_table":5,"minecraft:spruce_planks":172,"minecraft:wooden_pickaxe":1,"minecraft:iron_helmet":1,"minecraft:iron_sword":1,"minecraft:cooked_salmon":3,"minecraft:bucket":2,"minecraft:stone_axe":2,"minecraft:bread":36,"minecraft:air":0,"minecraft:iron_chestplate":2,"minecraft:diamond_pickaxe":1,"minecraft:shield":1,"minecraft:stick":68,"minecraft:iron_ingot":56,"minecraft:iron_pickaxe":2,"minecraft:stone_sword":1,"minecraft:iron_leggings":1,"minecraft:white_bed":1,"minecraft:torch":216}},"DataVersion":3953}