{"stats":{"minecraft:broken":{"minecraft:stone_pickaxe":1,"minecraft:stone_axe":1,"minecraft:stone_sword":1},"minecraft:mined":{"minecraft:spruce_planks":4,"minecraft:white_bed":2,"minecraft:obsidian":21,"minecraft:granite":2,"minecraft:grass_block":1,"minecraft:composter":2,"minecraft:nether_wart":20,"minecraft:spawner":1,"minecraft:tall_seagrass":2,"minecraft:iron_ore":99,"minecraft:cobbled_deepslate":3,"minecraft:fire":14,"minecraft:deepslate_lapis_ore":9,"minecraft:water_cauldron":4,"minecraft:oak_stairs":1,"minecraft:deepslate_redstone_ore":6,"minecraft:brown_mushroom":7,"minecraft:chest":2,"minecraft:nether_quartz_ore":2,"minecraft:cobblestone":9,"minecraft:sugar_cane":8,"minecraft:oak_planks":19,"minecraft:seagrass":1,"minecraft:wheat":26,"minecraft:oak_log":103,"minecraft:beetroots":3,"minecraft:dirt":3,"minecraft:netherrack":112,"minecraft:deepslate":24,"minecraft:deepslate_diamond_ore":11,"minecraft:nether_bricks":12,"minecraft:spruce_leaves":12,"minecraft:red_mushroom":18,"minecraft:hay_block":12,"minecraft:oak_trapdoor":6,"minecraft:furnace":3,"minecraft:carrots":11,"minecraft:bell":1,"minecraft:nether_brick_fence":3,"minecraft:potatoes":9,"minecraft:deepslate_iron_ore":34,"minecraft:stripped_oak_log":3,"minecraft:stone":87,"minecraft:crafting_table":3,"minecraft:short_grass":5,"minecraft:lectern":1,"minecraft:tall_grass":1,"minecraft:copper_ore":1,"minecraft:lapis_ore":5,"minecraft:deepslate_gold_ore":5,"minecraft:diorite":1,"minecraft:warped_wart_block":1,"minecraft:spruce_log":40,"minecraft:yellow_bed":2,"minecraft:coal_ore":117,"minecraft:gravel":10,"minecraft:gold_ore":3},"minecraft:killed_by":{"minecraft:zombie":1,"minecraft:hoglin":1},"minecraft:custom":{"minecraft:interact_with_crafting_table":47,"minecraft:bell_ring":76,"minecraft:leave_game":10,"minecraft:time_since_death":41299,"minecraft:sprint_one_cm":515279,"minecraft:damage_blocked_by_shield":2071,"minecraft:drop":181,"minecraft:talked_to_villager":20,"minecraft:play_time":351906,"minecraft:deaths":3,"minecraft:jump":4457,"minecraft:walk_on_water_one_cm":22460,"minecraft:interact_with_furnace":32,"minecraft:sleep_in_bed":4,"minecraft:damage_dealt":44721,"minecraft:player_kills":2,"minecraft:crouch_one_cm":104302,"minecraft:horse_one_cm":62058,"minecraft:mob_kills":192,"minecraft:climb_one_cm":689,"minecraft:walk_one_cm":780621,"minecraft:sneak_time":31090,"minecraft:walk_under_water_one_cm":138124,"minecraft:interact_with_blast_furnace":2,"minecraft:total_world_time":351906,"minecraft:time_since_rest":41359,"minecraft:damage_taken":4719,"minecraft:swim_one_cm":22415,"minecraft:fly_one_cm":2182109,"minecraft:open_chest":48,"minecraft:aviate_one_cm":539573,"minecraft:fall_one_cm":68900},"minecraft:used":{"minecraft:cherry_sapling":173,"minecraft:chest":6,"minecraft:axolotl_spawn_egg":4,"minecraft:donkey_spawn_egg":15,"minecraft:shield":54,"minecraft:iron_sword":210,"minecraft:bell":1,"minecraft:rotten_flesh":5,"minecraft:nether_bricks":1,"minecraft:carrot":33,"minecraft:milk_bucket":2,"minecraft:obsidian":144,"minecraft:warden_spawn_egg":3,"minecraft:lava_bucket":69,"minecraft:grass_block":67,"minecraft:panda_spawn_egg":6,"minecraft:bedrock":75,"minecraft:repeater":2,"minecraft:redstone_lamp":6,"minecraft:furnace":4,"minecraft:egg":48,"minecraft:potato":26,"minecraft:end_rod":5,"minecraft:torchflower":18,"minecraft:stone_pickaxe":131,"minecraft:oak_planks":360,"minecraft:blackstone":15,"minecraft:wooden_pickaxe":14,"minecraft:calibrated_sculk_sensor":2,"minecraft:white_wool":1,"minecraft:redstone_torch":2,"minecraft:sticky_piston":1,"minecraft:lever":2,"minecraft:hoglin_spawn_egg":1,"minecraft:firework_rocket":29,"minecraft:bread":35,"minecraft:string":2,"minecraft:gravel":2,"minecraft:green_concrete_powder":41,"minecraft:bone_meal":910,"minecraft:oak_trapdoor":11,"minecraft:netherite_sword":7,"minecraft:stone_sword":151,"minecraft:flint_and_steel":27,"minecraft:redstone":2,"minecraft:spruce_planks":133,"minecraft:cooked_salmon":1,"minecraft:cooked_chicken":3,"minecraft:netherrack":175,"minecraft:torch":109,"minecraft:dirt":23,"minecraft:target":5,"minecraft:granite":15,"minecraft:spawner":1,"minecraft:cherry_fence_gate":1,"minecraft:cooked_beef":1,"minecraft:cobbled_deepslate":5,"minecraft:cherry_fence":16,"minecraft:cherry_log":3,"minecraft:cooked_mutton":12,"minecraft:water_bucket":17,"minecraft:cherry_planks":75,"minecraft:snow_golem_spawn_egg":19,"minecraft:pink_concrete":48,"minecraft:terracotta":55,"minecraft:tnt":18,"minecraft:crafting_table":9,"minecraft:white_bed":3,"minecraft:painting":14,"minecraft:netherite_block":1,"minecraft:diamond_pickaxe":31,"minecraft:cherry_door":3,"minecraft:stripped_jungle_log":140,"minecraft:wind_charge":35,"minecraft:iron_pickaxe":406,"minecraft:pig_spawn_egg":77,"minecraft:stone_axe":184,"minecraft:pink_petals":2,"minecraft:cobblestone":52,"minecraft:cherry_stairs":38,"minecraft:cooked_porkchop":3,"minecraft:bucket":67,"minecraft:yellow_bed":2,"minecraft:soul_torch":4},"minecraft:crafted":{"minecraft:oak_planks":416,"minecraft:cooked_mutton":3,"minecraft:iron_boots":1,"minecraft:chest":3,"minecraft:crafting_table":5,"minecraft:spruce_planks":172,"minecraft:wooden_pickaxe":1,"minecraft:iron_helmet":1,"minecraft:iron_chestplate":2,"minecraft:diamond_pickaxe":1,"minecraft:shield":1,"minecraft:stick":68,"minecraft:iron_ingot":56,"minecraft:iron_pickaxe":2,"minecraft:stone_sword":1,"minecraft:gold_ingot":9,"minecraft:furnace":1,"minecraft:oak_trapdoor":8,"minecraft:flint_and_steel":1,"minecraft:stone_pickaxe":1,"minecraft:wheat":108,"minecraft:iron_sword":1,"minecraft:cooked_salmon":3,"minecraft:bucket":2,"minecraft:stone_axe":2,"minecraft:bread":36,"minecraft:air":0,"minecraft:iron_leggings":1,"minecraft:white_bed":1,"minecraft:torch":216},"minecraft:dropped":{"minecraft:iron_sword":2,"minecraft:porkchop":40,"minecraft:diamond_axe":1,"minecraft:lapis_lazuli":1,"minecraft:cooked_beef":1,"minecraft:oak_log":14,"minecraft:diamond":1,"minecraft:leather":15,"minecraft:dirt":2,"minecraft:snowball":72,"minecraft:bone_meal":1,"minecraft:iron_pickaxe":3,"minecraft:white_wool":1,"minecraft:cauldron":1,"minecraft:gold_ingot":11,"minecraft:gravel":10,"minecraft:stone_axe":1,"minecraft:diamond_block":1,"minecraft:rotten_flesh":5,"minecraft:oak_planks":2,"minecraft:cooked_mutton":1,"minecraft:gunpowder":2,"minecraft:arrow":64,"minecraft:water_bucket":3,"minecraft:iron_ingot":3,"minecraft:bread":16,"minecraft:wheat_seeds":1,"minecraft:golden_helmet":1,"minecraft:tnt":65,"minecraft:feather":2,"minecraft:iron_helmet":3,"minecraft:cobblestone":8,"minecraft:apple":65,"minecraft:granite":2,"minecraft:coal":3,"minecraft:stick":1,"minecraft:diorite":1,"minecraft:ink_sac":1,"minecraft:torch":16,"minecraft:iron_leggings":2,"minecraft:iron_axe":1,"minecraft:furnace":1,"minecraft:blaze_rod":13,"minecraft:raw_iron":1,"minecraft:chicken":1,"minecraft:iron_boots":2,"minecraft:cherry_slab":1,"minecraft:flint_and_steel":1,"minecraft:blast_furnace":1,"minecraft:target":1,"minecraft:potato":3,"minecraft:shield":2,"minecraft:iron_chestplate":2,"minecraft:andesite":9,"minecraft:oak_sapling":1,"minecraft:spider_eye":1,"minecraft:bow":2,"minecraft:wooden_pickaxe":2,"minecraft:terracotta":1},"minecraft:picked_up":{"minecraft:iron_chestplate":1,"minecraft:wheat":36,"minecraft:oak_stairs":2,"minecraft:nether_brick":11,"minecraft:string":19,"minecraft:cooked_salmon":2,"minecraft:iron_leggings":1,"minecraft:beetroot":6,"minecraft:cobbled_deepslate":86,"minecraft:spruce_planks":18,"minecraft:iron_pickaxe":6,"minecraft:furnace":4,"minecraft:iron_boots":2,"minecraft:golden_helmet":1,"minecraft:stick":26,"minecraft:composter":1,"minecraft:torch":128,"minecraft:porkchop":44,"minecraft:target":1,"minecraft:diorite":2,"minecraft:cauldron":1,"minecraft:rotten_flesh":32,"minecraft:end_rod":120,"minecraft:blaze_rod":16,"minecraft:obsidian":25,"minecraft:snowball":80,"minecraft:cobblestone":165,"minecraft:feather":7,"minecraft:cooked_beef":4,"minecraft:water_bucket":4,"minecraft:andesite":9,"minecraft:green_concrete_powder":13,"minecraft:potato":50,"minecraft:flint":1,"minecraft:lapis_lazuli":129,"minecraft:dirt":105,"minecraft:bone":24,"minecraft:bow":2,"minecraft:wheat_seeds":115,"minecraft:raw_gold":27,"minecraft:bell":1,"minecraft:oak_planks":80,"minecraft:cooked_porkchop":21,"minecraft:warped_wart_block":1,"minecraft:ink_sac":1,"minecraft:diamond":27,"minecraft:granite":28,"minecraft:bone_meal":1,"minecraft:bread":74,"minecraft:oak_sapling":1,"minecraft:cherry_slab":1,"minecraft:netherrack":177,"minecraft:diamond_pickaxe":1,"minecraft:crafting_table":5,"minecraft:chicken":2,"minecraft:nether_wart":23,"minecraft:redstone_lamp":2,"minecraft:brown_mushroom":14,"minecraft:wooden_pickaxe":1,"minecraft:shield":4,"minecraft:cornflower":1,"minecraft:oak_trapdoor":5,"minecraft:flint_and_steel":1,"minecraft:blackstone":15,"minecraft:beef":2,"minecraft:lectern":2,"minecraft:sugar_cane":20,"minecraft:chest":2,"minecraft:egg":5,"minecraft:raw_iron":251,"minecraft:fire_charge":1,"minecraft:carrot":51,"minecraft:redstone":54,"minecraft:tnt":1,"minecraft:arrow":21,"minecraft:diamond_chestplate":1,"minecraft:beetroot_seeds":12,"minecraft:nether_bricks":12,"minecraft:hay_block":12,"minecraft:mutton":3,"minecraft:white_wool":11,"minecraft:stripped_oak_log":3,"minecraft:salmon":39,"minecraft:leather":33,"minecraft:red_mushroom":36,"minecraft:oak_log":115,"minecraft:yellow_bed":2,"minecraft:gunpowder":6,"minecraft:cooked_mutton":21,"minecraft:piglin_head":1,"minecraft:apple":3,"minecraft:oak_fence_gate":1,"minecraft:iron_ingot":6,"minecraft:stone_pickaxe":1,"minecraft:cooked_chicken":3,"minecraft:soul_sand":10,"minecraft:iron_sword":3,"minecraft:quartz":4,"minecraft:dandelion":4,"minecraft:gravel":24,"minecraft:lava_bucket":1,"minecraft:blast_furnace":1,"minecraft:white_bed":2,"minecraft:spruce_log":43,"minecraft:spider_eye":6,"minecraft:stone_axe":4,"minecraft:iron_helmet":3,"minecraft:diamond_axe":1,"minecraft:terracotta":1,"minecraft:black_wool":1,"minecraft:coal":235,"minecraft:ender_pearl":2},"minecraft:killed":{"minecraft:spider":8,"minecraft:skeleton":19,"minecraft:chicken":2,"minecraft:piglin":5,"minecraft:pig":41,"minecraft:zombie_villager":1,"minecraft:salmon":16,"minecraft:iron_golem":1,"minecraft:creeper":2,"minecraft:sheep":5,"minecraft:zombie":36,"minecraft:donkey":28,"minecraft:cow":1,"minecraft:blaze":9,"minecraft:zoglin":1,"minecraft:panda":1,"minecraft:snow_golem":8,"minecraft:warden":3,"minecraft:hoglin":2}},"DataVersion":3953}