{"stats":{"minecraft:used":{"minecraft:cherry_sapling":173,"minecraft:netherite_sword":7,"minecraft:end_rod":1,"minecraft:torchflower":18,"minecraft:flint_and_steel":4,"minecraft:redstone":2,"minecraft:axolotl_spawn_egg":4,"minecraft:cherry_planks":75,"minecraft:calibrated_sculk_sensor":2,"minecraft:netherrack":99,"minecraft:dirt":4,"minecraft:target":1,"minecraft:tnt":17,"minecraft:granite":14,"minecraft:redstone_torch":2,"minecraft:sticky_piston":1,"minecraft:lever":2,"minecraft:hoglin_spawn_egg":1,"minecraft:firework_rocket":29,"minecraft:cherry_door":3,"minecraft:wind_charge":35,"minecraft:grass_block":67,"minecraft:panda_spawn_egg":6,"minecraft:spawner":1,"minecraft:cherry_fence_gate":1,"minecraft:repeater":2,"minecraft:redstone_lamp":4,"minecraft:cherry_stairs":38,"minecraft:egg":48,"minecraft:cherry_log":2,"minecraft:cherry_fence":16,"minecraft:bone_meal":910,"minecraft:soul_torch":4},"minecraft:picked_up":{"minecraft:crafting_table":1,"minecraft:leather":10,"minecraft:wooden_pickaxe":1,"minecraft:potato":20,"minecraft:oak_log":14,"minecraft:shield":2,"minecraft:cornflower":1,"minecraft:lapis_lazuli":21,"minecraft:dirt":28,"minecraft:cooked_mutton":3,"minecraft:apple":3,"minecraft:wheat_seeds":6,"minecraft:cobbled_deepslate":1,"minecraft:raw_gold":3,"minecraft:iron_ingot":2,"minecraft:stone_pickaxe":1,"minecraft:iron_pickaxe":1,"minecraft:oak_planks":27,"minecraft:furnace":1,"minecraft:egg":2,"minecraft:stick":2,"minecraft:raw_iron":13,"minecraft:torch":1,"minecraft:dandelion":4,"minecraft:tnt":1,"minecraft:rotten_flesh":3,"minecraft:diamond_chestplate":1,"minecraft:diamond":1,"minecraft:stone_axe":1,"minecraft:granite":27,"minecraft:bread":74,"minecraft:cherry_slab":1,"minecraft:oak_sapling":1,"minecraft:black_wool":1,"minecraft:white_wool":5,"minecraft:cobblestone":30},"minecraft:killed":{"minecraft:zoglin":1,"minecraft:panda":1},"minecraft:dropped":{"minecraft:iron_ingot":3,"minecraft:bread":16,"minecraft:furnace":1,"minecraft:wheat_seeds":1,"minecraft:diamond_block":1,"minecraft:lapis_lazuli":1,"minecraft:oak_log":14,"minecraft:tnt":64,"minecraft:cobblestone":8,"minecraft:oak_planks":2,"minecraft:apple":65,"minecraft:leather":3,"minecraft:granite":2,"minecraft:cherry_slab":1,"minecraft:cooked_mutton":1,"minecraft:flint_and_steel":1,"minecraft:stick":1,"minecraft:dirt":2,"minecraft:potato":2,"minecraft:shield":1,"minecraft:oak_sapling":1,"minecraft:wooden_pickaxe":1,"minecraft:white_wool":1},"minecraft:custom":{"minecraft:interact_with_furnace":4,"minecraft:mob_kills":2,"minecraft:time_since_death":72593,"minecraft:time_since_rest":72593,"minecraft:sprint_one_cm":151047,"minecraft:walk_one_cm":199761,"minecraft:damage_taken":20,"minecraft:drop":112,"minecraft:damage_dealt":1123,"minecraft:talked_to_villager":3,"minecraft:fly_one_cm":453953,"minecraft:player_kills":1,"minecraft:crouch_one_cm":11008,"minecraft:play_time":72593,"minecraft:sneak_time":2646,"minecraft:walk_under_water_one_cm":6168,"minecraft:aviate_one_cm":519405,"minecraft:jump":1142,"minecraft:walk_on_water_one_cm":1978,"minecraft:total_world_time":72593,"minecraft:fall_one_cm":693,"minecraft:horse_one_cm":62058}},"DataVersion":3953}