{"stats":{"minecraft:custom":{"minecraft:time_since_rest":16078,"minecraft:crouch_one_cm":210,"minecraft:sprint_one_cm":9974,"minecraft:play_time":20927,"minecraft:deaths":2,"minecraft:damage_taken":505,"minecraft:walk_one_cm":11407,"minecraft:sneak_time":110,"minecraft:walk_under_water_one_cm":333,"minecraft:mob_kills":1,"minecraft:jump":210,"minecraft:damage_dealt":160,"minecraft:leave_game":10,"minecraft:walk_on_water_one_cm":926,"minecraft:time_since_death":15374,"minecraft:total_world_time":20927,"minecraft:swim_one_cm":3139,"minecraft:fall_one_cm":2475,"minecraft:fly_one_cm":82177},"minecraft:mined":{"minecraft:grass":4},"minecraft:picked_up":{"minecraft:dirt":7},"minecraft:killed_by":{"minecraft:skeleton":1,"minecraft:zombie":1},"minecraft:used":{"minecraft:diamond_block":269,"minecraft:dirt":3}},"DataVersion":3463}