{"stats":{"minecraft:picked_up":{"minecraft:crafting_table":5,"minecraft:redstone_lamp":2,"minecraft:brown_mushroom":7,"minecraft:wooden_pickaxe":1,"minecraft:shield":2,"minecraft:cornflower":1,"minecraft:oak_trapdoor":3,"minecraft:string":3,"minecraft:cobbled_deepslate":1,"minecraft:spruce_planks":4,"minecraft:beef":2,"minecraft:iron_pickaxe":1,"minecraft:lectern":1,"minecraft:sugar_cane":20,"minecraft:egg":5,"minecraft:furnace":4,"minecraft:stick":4,"minecraft:raw_iron":49,"minecraft:composter":1,"minecraft:torch":1,"minecraft:porkchop":40,"minecraft:target":1,"minecraft:diorite":2,"minecraft:cauldron":1,"minecraft:tnt":1,"minecraft:diamond_chestplate":1,"minecraft:arrow":6,"minecraft:rotten_flesh":14,"minecraft:hay_block":12,"minecraft:end_rod":120,"minecraft:mutton":3,"minecraft:snowball":80,"minecraft:white_wool":11,"minecraft:cobblestone":131,"minecraft:stripped_oak_log":3,"minecraft:feather":5,"minecraft:cooked_beef":1,"minecraft:water_bucket":2,"minecraft:salmon":15,"minecraft:green_concrete_powder":13,"minecraft:leather":26,"minecraft:potato":20,"minecraft:flint":1,"minecraft:oak_log":115,"minecraft:yellow_bed":2,"minecraft:gunpowder":2,"minecraft:lapis_lazuli":21,"minecraft:dirt":105,"minecraft:cooked_mutton":9,"minecraft:bone":1,"minecraft:apple":3,"minecraft:wheat_seeds":7,"minecraft:raw_gold":3,"minecraft:bell":1,"minecraft:iron_ingot":5,"minecraft:oak_fence_gate":1,"minecraft:stone_pickaxe":1,"minecraft:cooked_chicken":3,"minecraft:oak_planks":46,"minecraft:cooked_porkchop":12,"minecraft:dandelion":4,"minecraft:gravel":9,"minecraft:ink_sac":1,"minecraft:blast_furnace":1,"minecraft:white_bed":2,"minecraft:spruce_log":43,"minecraft:spider_eye":2,"minecraft:stone_axe":2,"minecraft:diamond":5,"minecraft:iron_helmet":1,"minecraft:diamond_axe":1,"minecraft:granite":27,"minecraft:bone_meal":1,"minecraft:bread":74,"minecraft:terracotta":1,"minecraft:oak_sapling":1,"minecraft:cherry_slab":1,"minecraft:black_wool":1,"minecraft:coal":139},"minecraft:used":{"minecraft:oak_trapdoor":4,"minecraft:cherry_sapling":173,"minecraft:netherite_sword":7,"minecraft:stone_sword":117,"minecraft:flint_and_steel":19,"minecraft:redstone":2,"minecraft:shield":9,"minecraft:spruce_planks":129,"minecraft:axolotl_spawn_egg":4,"minecraft:chest":1,"minecraft:donkey_spawn_egg":15,"minecraft:bell":1,"minecraft:cooked_salmon":1,"minecraft:cooked_chicken":2,"minecraft:rotten_flesh":5,"minecraft:netherrack":99,"minecraft:dirt":23,"minecraft:target":5,"minecraft:granite":14,"minecraft:milk_bucket":2,"minecraft:obsidian":65,"minecraft:warden_spawn_egg":3,"minecraft:lava_bucket":65,"minecraft:grass_block":67,"minecraft:panda_spawn_egg":6,"minecraft:spawner":1,"minecraft:cherry_fence_gate":1,"minecraft:bedrock":75,"minecraft:repeater":2,"minecraft:redstone_lamp":6,"minecraft:furnace":3,"minecraft:egg":48,"minecraft:cherry_fence":16,"minecraft:cherry_log":3,"minecraft:cooked_mutton":1,"minecraft:end_rod":5,"minecraft:torchflower":18,"minecraft:stone_pickaxe":131,"minecraft:oak_planks":342,"minecraft:wooden_pickaxe":14,"minecraft:cherry_planks":75,"minecraft:calibrated_sculk_sensor":2,"minecraft:snow_golem_spawn_egg":19,"minecraft:white_wool":1,"minecraft:pink_concrete":48,"minecraft:terracotta":55,"minecraft:tnt":18,"minecraft:crafting_table":7,"minecraft:white_bed":2,"minecraft:painting":14,"minecraft:redstone_torch":2,"minecraft:sticky_piston":1,"minecraft:netherite_block":1,"minecraft:lever":2,"minecraft:hoglin_spawn_egg":1,"minecraft:firework_rocket":29,"minecraft:cherry_door":3,"minecraft:stripped_jungle_log":140,"minecraft:wind_charge":35,"minecraft:string":2,"minecraft:iron_pickaxe":43,"minecraft:pig_spawn_egg":77,"minecraft:stone_axe":174,"minecraft:pink_petals":2,"minecraft:cobblestone":18,"minecraft:cherry_stairs":38,"minecraft:cooked_porkchop":3,"minecraft:green_concrete_powder":41,"minecraft:bucket":45,"minecraft:yellow_bed":2,"minecraft:bone_meal":910,"minecraft:soul_torch":4},"minecraft:broken":{"minecraft:stone_pickaxe":1,"minecraft:stone_axe":1},"minecraft:mined":{"minecraft:spruce_planks":4,"minecraft:white_bed":2,"minecraft:grass_block":1,"minecraft:spruce_leaves":12,"minecraft:composter":2,"minecraft:hay_block":12,"minecraft:tall_seagrass":2,"minecraft:oak_trapdoor":4,"minecraft:furnace":3,"minecraft:iron_ore":36,"minecraft:fire":8,"minecraft:bell":1,"minecraft:water_cauldron":4,"minecraft:stripped_oak_log":3,"minecraft:stone":62,"minecraft:brown_mushroom":7,"minecraft:crafting_table":3,"minecraft:short_grass":5,"minecraft:lectern":1,"minecraft:tall_grass":1,"minecraft:copper_ore":1,"minecraft:oak_planks":19,"minecraft:sugar_cane":8,"minecraft:seagrass":1,"minecraft:spruce_log":40,"minecraft:yellow_bed":2,"minecraft:oak_log":103,"minecraft:coal_ore":74,"minecraft:gravel":10,"minecraft:dirt":3},"minecraft:dropped":{"minecraft:water_bucket":3,"minecraft:iron_ingot":3,"minecraft:bread":16,"minecraft:iron_sword":1,"minecraft:porkchop":40,"minecraft:wheat_seeds":1,"minecraft:diamond_axe":1,"minecraft:lapis_lazuli":1,"minecraft:oak_log":14,"minecraft:tnt":65,"minecraft:diamond":1,"minecraft:iron_helmet":3,"minecraft:cobblestone":8,"minecraft:apple":65,"minecraft:leather":15,"minecraft:granite":2,"minecraft:coal":3,"minecraft:stick":1,"minecraft:dirt":2,"minecraft:diorite":1,"minecraft:ink_sac":1,"minecraft:snowball":72,"minecraft:iron_leggings":2,"minecraft:iron_axe":1,"minecraft:iron_pickaxe":1,"minecraft:white_wool":1,"minecraft:gravel":9,"minecraft:furnace":1,"minecraft:stone_axe":1,"minecraft:diamond_block":1,"minecraft:raw_iron":1,"minecraft:rotten_flesh":5,"minecraft:oak_planks":2,"minecraft:iron_boots":2,"minecraft:cherry_slab":1,"minecraft:cooked_mutton":1,"minecraft:flint_and_steel":1,"minecraft:blast_furnace":1,"minecraft:target":1,"minecraft:potato":3,"minecraft:shield":2,"minecraft:gunpowder":2,"minecraft:iron_chestplate":2,"minecraft:oak_sapling":1,"minecraft:spider_eye":1,"minecraft:arrow":64,"minecraft:bow":2,"minecraft:wooden_pickaxe":1,"minecraft:terracotta":1},"minecraft:custom":{"minecraft:mob_kills":123,"minecraft:interact_with_crafting_table":25,"minecraft:bell_ring":37,"minecraft:leave_game":4,"minecraft:time_since_death":211509,"minecraft:climb_one_cm":417,"minecraft:sprint_one_cm":322949,"minecraft:walk_one_cm":464050,"minecraft:damage_blocked_by_shield":255,"minecraft:drop":156,"minecraft:talked_to_villager":8,"minecraft:play_time":211509,"minecraft:sneak_time":16324,"minecraft:walk_under_water_one_cm":29469,"minecraft:jump":2583,"minecraft:interact_with_blast_furnace":2,"minecraft:walk_on_water_one_cm":13737,"minecraft:total_world_time":211509,"minecraft:interact_with_furnace":26,"minecraft:sleep_in_bed":3,"minecraft:time_since_rest":575,"minecraft:damage_taken":570,"minecraft:damage_dealt":31135,"minecraft:swim_one_cm":20126,"minecraft:fly_one_cm":1141588,"minecraft:player_kills":2,"minecraft:open_chest":13,"minecraft:crouch_one_cm":67835,"minecraft:aviate_one_cm":539573,"minecraft:fall_one_cm":21260,"minecraft:horse_one_cm":62058},"minecraft:killed":{"minecraft:spider":2,"minecraft:zoglin":1,"minecraft:skeleton":5,"minecraft:panda":1,"minecraft:chicken":1,"minecraft:snow_golem":8,"minecraft:warden":3,"minecraft:pig":41,"minecraft:salmon":16,"minecraft:iron_golem":1,"minecraft:creeper":1,"minecraft:sheep":5,"minecraft:zombie":7,"minecraft:donkey":28,"minecraft:cow":1},"minecraft:crafted":{"minecraft:oak_planks":416,"minecraft:furnace":1,"minecraft:oak_trapdoor":4,"minecraft:cooked_mutton":3,"minecraft:iron_boots":1,"minecraft:stone_pickaxe":1,"minecraft:wheat":108,"minecraft:crafting_table":3,"minecraft:spruce_planks":172,"minecraft:wooden_pickaxe":1,"minecraft:iron_helmet":1,"minecraft:cooked_salmon":3,"minecraft:bucket":1,"minecraft:stone_axe":2,"minecraft:air":0,"minecraft:iron_chestplate":1,"minecraft:shield":1,"minecraft:stick":12,"minecraft:iron_ingot":35,"minecraft:iron_pickaxe":1,"minecraft:stone_sword":1,"minecraft:iron_leggings":1}},"DataVersion":3953}