{"stats":{"minecraft:picked_up":{"minecraft:crafting_table":12,"minecraft:wheat":1,"minecraft:smithing_table":2,"minecraft:wooden_pickaxe":2,"minecraft:string":3,"minecraft:iron_leggings":1,"minecraft:beetroot":1,"minecraft:cobbled_deepslate":49,"minecraft:beef":19,"minecraft:oak_boat":1,"minecraft:light_gray_wool":2,"minecraft:sugar_cane":9,"minecraft:furnace":6,"minecraft:egg":3,"minecraft:stick":5,"minecraft:raw_iron":62,"minecraft:oak_fence":3,"minecraft:porkchop":22,"minecraft:pointed_dripstone":5,"minecraft:diorite":1,"minecraft:carrot":33,"minecraft:rotten_flesh":1,"minecraft:beetroot_seeds":18,"minecraft:hay_block":57,"minecraft:gold_ingot":3,"minecraft:oak_chest_boat":1,"minecraft:obsidian":29,"minecraft:mutton":26,"minecraft:cobblestone":65,"minecraft:white_wool":13,"minecraft:cooked_beef":2,"minecraft:andesite":4,"minecraft:leather":32,"minecraft:smoker":4,"minecraft:potato":14,"minecraft:filled_map":1,"minecraft:oak_log":27,"minecraft:yellow_bed":2,"minecraft:dirt":2,"minecraft:bone":3,"minecraft:apple":37,"minecraft:stone_bricks":1,"minecraft:wheat_seeds":91,"minecraft:raw_gold":49,"minecraft:stone_pickaxe":2,"minecraft:iron_ingot":74,"minecraft:bamboo":1,"minecraft:oak_planks":33,"minecraft:smooth_basalt":1,"minecraft:chiseled_stone_bricks":1,"minecraft:gravel":1,"minecraft:dripstone_block":2,"minecraft:blast_furnace":6,"minecraft:diamond_block":1,"minecraft:diamond":18,"minecraft:stone_axe":1,"minecraft:gray_wool":1,"minecraft:terracotta":1,"minecraft:oak_sapling":4,"minecraft:coal":144},"minecraft:used":{"minecraft:oak_fence":1,"minecraft:shield":54,"minecraft:dirt":2,"minecraft:iron_axe":57,"minecraft:diamond_chestplate":1,"minecraft:light_gray_wool":2,"minecraft:furnace":3,"minecraft:egg":1,"minecraft:cooked_beef":11,"minecraft:oak_chest_boat":2,"minecraft:cooked_mutton":5,"minecraft:water_bucket":11,"minecraft:stone_pickaxe":93,"minecraft:oak_planks":26,"minecraft:wooden_pickaxe":7,"minecraft:crafting_table":11,"minecraft:blast_furnace":4,"minecraft:smoker":1,"minecraft:wooden_hoe":142,"minecraft:diamond_pickaxe":30,"minecraft:apple":12,"minecraft:iron_pickaxe":172,"minecraft:stone_axe":102,"minecraft:cobblestone":46,"minecraft:andesite":3,"minecraft:bucket":13,"minecraft:yellow_bed":1,"minecraft:oak_boat":1},"minecraft:mined":{"minecraft:deepslate_diamond_ore":18,"minecraft:obsidian":15,"minecraft:grass_block":1,"minecraft:chiseled_stone_bricks":1,"minecraft:hay_block":57,"minecraft:furnace":4,"minecraft:carrots":33,"minecraft:iron_ore":57,"minecraft:fire":1,"minecraft:andesite":4,"minecraft:pointed_dripstone":1,"minecraft:potatoes":14,"minecraft:deepslate_iron_ore":5,"minecraft:stone":54,"minecraft:smithing_table":1,"minecraft:cherry_planks":2,"minecraft:smoker":2,"minecraft:dandelion":1,"minecraft:oak_fence":1,"minecraft:crafting_table":11,"minecraft:short_grass":43,"minecraft:blast_furnace":5,"minecraft:calcite":2,"minecraft:tall_grass":14,"minecraft:cobblestone":6,"minecraft:deepslate_gold_ore":4,"minecraft:sugar_cane":1,"minecraft:oak_planks":11,"minecraft:diorite":1,"minecraft:wall_torch":1,"minecraft:amethyst_block":2,"minecraft:wheat":83,"minecraft:light_gray_wool":1,"minecraft:yellow_bed":2,"minecraft:oak_log":20,"minecraft:coal_ore":40,"minecraft:beetroots":13,"minecraft:gravel":2,"minecraft:dripstone_block":2,"minecraft:dirt":1,"minecraft:smooth_basalt":1,"minecraft:stone_bricks":1,"minecraft:gold_ore":18,"minecraft:deepslate":52},"minecraft:killed":{"minecraft:spider":2,"minecraft:skeleton":4,"minecraft:drowned":1,"minecraft:pig":9,"minecraft:iron_golem":1,"minecraft:sheep":11,"minecraft:zombie":3,"minecraft:cow":9},"minecraft:crafted":{"minecraft:oak_planks":80,"minecraft:furnace":2,"minecraft:cooked_mutton":19,"minecraft:diamond":9,"minecraft:diamond_leggings":1,"minecraft:iron_boots":1,"minecraft:iron_axe":1,"minecraft:stone_pickaxe":1,"minecraft:chest":1,"minecraft:wheat":512,"minecraft:cooked_beef":13,"minecraft:cooked_porkchop":15,"minecraft:crafting_table":1,"minecraft:wooden_pickaxe":1,"minecraft:iron_helmet":1,"minecraft:bucket":2,"minecraft:stone_axe":1,"minecraft:bread":174,"minecraft:air":0,"minecraft:oak_boat":1,"minecraft:oak_chest_boat":1,"minecraft:iron_chestplate":1,"minecraft:wooden_hoe":1,"minecraft:diamond_pickaxe":1,"minecraft:shield":2,"minecraft:stick":40,"minecraft:iron_ingot":54,"minecraft:iron_pickaxe":1,"minecraft:gold_ingot":24,"minecraft:iron_leggings":1,"minecraft:diamond_chestplate":2},"minecraft:dropped":{"minecraft:wheat_seeds":91,"minecraft:dripstone_block":2,"minecraft:oak_fence":2,"minecraft:leather":10,"minecraft:gray_wool":1,"minecraft:diorite":1,"minecraft:iron_leggings":2,"minecraft:string":3,"minecraft:bone":3,"minecraft:smooth_basalt":1,"minecraft:gravel":1,"minecraft:stone_axe":1,"minecraft:sugar_cane":3,"minecraft:wheat":1,"minecraft:pointed_dripstone":5,"minecraft:beetroot":1,"minecraft:rotten_flesh":1,"minecraft:oak_planks":1,"minecraft:chiseled_stone_bricks":1,"minecraft:iron_chestplate":1,"minecraft:andesite":1,"minecraft:beetroot_seeds":18,"minecraft:oak_sapling":2,"minecraft:stone_bricks":1,"minecraft:wooden_pickaxe":1,"minecraft:stone_pickaxe":2,"minecraft:egg":1,"minecraft:terracotta":1},"minecraft:custom":{"minecraft:mob_kills":40,"minecraft:interact_with_crafting_table":39,"minecraft:leave_game":2,"minecraft:time_since_death":90987,"minecraft:sprint_one_cm":231130,"minecraft:walk_one_cm":185451,"minecraft:damage_blocked_by_shield":5580,"minecraft:drop":59,"minecraft:talked_to_villager":7,"minecraft:play_time":100016,"minecraft:deaths":2,"minecraft:sneak_time":6457,"minecraft:walk_under_water_one_cm":39664,"minecraft:boat_one_cm":73439,"minecraft:jump":1897,"minecraft:interact_with_blast_furnace":28,"minecraft:walk_on_water_one_cm":32980,"minecraft:total_world_time":100016,"minecraft:interact_with_furnace":29,"minecraft:sleep_in_bed":1,"minecraft:time_since_rest":13350,"minecraft:damage_taken":1904,"minecraft:damage_dealt":6230,"minecraft:swim_one_cm":48031,"minecraft:fly_one_cm":456519,"minecraft:open_chest":47,"minecraft:crouch_one_cm":6141,"minecraft:interact_with_smoker":8,"minecraft:fall_one_cm":62034},"minecraft:killed_by":{"minecraft:player":1},"minecraft:broken":{"minecraft:shield":1,"minecraft:wooden_hoe":1}},"DataVersion":3953}