{"stats":{"minecraft:picked_up":{"minecraft:crafting_table":9,"minecraft:wheat":1,"minecraft:smithing_table":1,"minecraft:wooden_pickaxe":2,"minecraft:string":3,"minecraft:beetroot":1,"minecraft:cobbled_deepslate":6,"minecraft:beef":19,"minecraft:light_gray_wool":2,"minecraft:sugar_cane":9,"minecraft:furnace":4,"minecraft:egg":2,"minecraft:raw_iron":60,"minecraft:stick":5,"minecraft:oak_fence":3,"minecraft:porkchop":22,"minecraft:pointed_dripstone":5,"minecraft:diorite":1,"minecraft:carrot":33,"minecraft:rotten_flesh":1,"minecraft:beetroot_seeds":18,"minecraft:hay_block":57,"minecraft:obsidian":3,"minecraft:mutton":26,"minecraft:white_wool":13,"minecraft:cobblestone":60,"minecraft:cooked_beef":2,"minecraft:andesite":4,"minecraft:leather":10,"minecraft:smoker":2,"minecraft:potato":14,"minecraft:oak_log":21,"minecraft:yellow_bed":1,"minecraft:dirt":2,"minecraft:bone":3,"minecraft:apple":37,"minecraft:wheat_seeds":91,"minecraft:raw_gold":22,"minecraft:iron_ingot":11,"minecraft:stone_pickaxe":2,"minecraft:bamboo":1,"minecraft:oak_planks":33,"minecraft:smooth_basalt":1,"minecraft:dripstone_block":2,"minecraft:blast_furnace":3,"minecraft:diamond_block":1,"minecraft:diamond":4,"minecraft:stone_axe":1,"minecraft:gray_wool":1,"minecraft:oak_sapling":4,"minecraft:coal":35},"minecraft:used":{"minecraft:oak_fence":1,"minecraft:shield":15,"minecraft:dirt":2,"minecraft:iron_axe":23,"minecraft:diamond_chestplate":1,"minecraft:light_gray_wool":2,"minecraft:furnace":3,"minecraft:cooked_beef":4,"minecraft:cooked_mutton":5,"minecraft:water_bucket":6,"minecraft:stone_pickaxe":93,"minecraft:oak_planks":24,"minecraft:wooden_pickaxe":7,"minecraft:crafting_table":8,"minecraft:blast_furnace":2,"minecraft:smoker":1,"minecraft:wooden_hoe":142,"minecraft:diamond_pickaxe":3,"minecraft:apple":12,"minecraft:iron_pickaxe":93,"minecraft:stone_axe":102,"minecraft:cobblestone":30,"minecraft:andesite":3,"minecraft:bucket":8},"minecraft:mined":{"minecraft:deepslate_diamond_ore":4,"minecraft:obsidian":3,"minecraft:grass_block":1,"minecraft:hay_block":57,"minecraft:carrots":33,"minecraft:furnace":3,"minecraft:iron_ore":57,"minecraft:andesite":4,"minecraft:potatoes":14,"minecraft:pointed_dripstone":1,"minecraft:deepslate_iron_ore":3,"minecraft:stone":48,"minecraft:smithing_table":1,"minecraft:smoker":2,"minecraft:oak_fence":1,"minecraft:crafting_table":8,"minecraft:short_grass":37,"minecraft:blast_furnace":3,"minecraft:calcite":2,"minecraft:cobblestone":6,"minecraft:tall_grass":10,"minecraft:deepslate_gold_ore":4,"minecraft:sugar_cane":1,"minecraft:oak_planks":11,"minecraft:diorite":1,"minecraft:wall_torch":1,"minecraft:amethyst_block":2,"minecraft:wheat":83,"minecraft:light_gray_wool":1,"minecraft:yellow_bed":1,"minecraft:coal_ore":18,"minecraft:oak_log":14,"minecraft:beetroots":13,"minecraft:dripstone_block":2,"minecraft:dirt":1,"minecraft:smooth_basalt":1,"minecraft:gold_ore":18,"minecraft:deepslate":9},"minecraft:killed":{"minecraft:spider":2,"minecraft:skeleton":4,"minecraft:pig":9,"minecraft:iron_golem":1,"minecraft:sheep":11,"minecraft:zombie":1,"minecraft:cow":8},"minecraft:crafted":{"minecraft:oak_planks":56,"minecraft:furnace":2,"minecraft:cooked_mutton":19,"minecraft:diamond":9,"minecraft:iron_boots":1,"minecraft:iron_axe":1,"minecraft:stone_pickaxe":1,"minecraft:wheat":512,"minecraft:cooked_beef":13,"minecraft:cooked_porkchop":15,"minecraft:crafting_table":1,"minecraft:wooden_pickaxe":1,"minecraft:iron_helmet":1,"minecraft:bucket":2,"minecraft:stone_axe":1,"minecraft:bread":171,"minecraft:air":0,"minecraft:iron_chestplate":1,"minecraft:wooden_hoe":1,"minecraft:diamond_pickaxe":1,"minecraft:shield":1,"minecraft:stick":40,"minecraft:iron_ingot":41,"minecraft:iron_pickaxe":1,"minecraft:iron_leggings":1,"minecraft:diamond_chestplate":1},"minecraft:dropped":{"minecraft:wheat_seeds":91,"minecraft:dripstone_block":2,"minecraft:oak_fence":2,"minecraft:gray_wool":1,"minecraft:diorite":1,"minecraft:string":3,"minecraft:smooth_basalt":1,"minecraft:bone":3,"minecraft:stone_axe":1,"minecraft:sugar_cane":3,"minecraft:pointed_dripstone":5,"minecraft:beetroot":1,"minecraft:rotten_flesh":1,"minecraft:beetroot_seeds":18,"minecraft:andesite":1,"minecraft:oak_sapling":2,"minecraft:wooden_pickaxe":1,"minecraft:stone_pickaxe":2,"minecraft:egg":1},"minecraft:custom":{"minecraft:mob_kills":36,"minecraft:interact_with_crafting_table":23,"minecraft:leave_game":1,"minecraft:time_since_death":55238,"minecraft:sprint_one_cm":181245,"minecraft:walk_one_cm":138489,"minecraft:damage_blocked_by_shield":975,"minecraft:drop":49,"minecraft:talked_to_villager":1,"minecraft:play_time":64267,"minecraft:deaths":2,"minecraft:sneak_time":2595,"minecraft:walk_under_water_one_cm":7125,"minecraft:jump":1379,"minecraft:interact_with_blast_furnace":21,"minecraft:walk_on_water_one_cm":16326,"minecraft:total_world_time":64267,"minecraft:interact_with_furnace":28,"minecraft:time_since_rest":55272,"minecraft:damage_taken":1323,"minecraft:damage_dealt":5274,"minecraft:swim_one_cm":12897,"minecraft:fly_one_cm":320880,"minecraft:open_chest":2,"minecraft:crouch_one_cm":2615,"minecraft:interact_with_smoker":8,"minecraft:fall_one_cm":46762},"minecraft:killed_by":{"minecraft:player":1},"minecraft:broken":{"minecraft:wooden_hoe":1}},"DataVersion":3953}