{"stats":{"minecraft:picked_up":{"minecraft:crafting_table":6,"minecraft:wheat":1,"minecraft:cooked_beef":2,"minecraft:leather":10,"minecraft:smithing_table":1,"minecraft:wooden_pickaxe":2,"minecraft:smoker":1,"minecraft:potato":14,"minecraft:oak_log":21,"minecraft:yellow_bed":1,"minecraft:dirt":1,"minecraft:beetroot":1,"minecraft:apple":37,"minecraft:wheat_seeds":91,"minecraft:iron_ingot":3,"minecraft:stone_pickaxe":1,"minecraft:beef":19,"minecraft:light_gray_wool":2,"minecraft:bamboo":1,"minecraft:sugar_cane":9,"minecraft:oak_planks":26,"minecraft:egg":2,"minecraft:furnace":4,"minecraft:stick":5,"minecraft:raw_iron":13,"minecraft:oak_fence":3,"minecraft:porkchop":22,"minecraft:blast_furnace":2,"minecraft:carrot":33,"minecraft:diamond_block":1,"minecraft:beetroot_seeds":18,"minecraft:stone_axe":1,"minecraft:hay_block":57,"minecraft:gray_wool":1,"minecraft:oak_sapling":4,"minecraft:cobblestone":43,"minecraft:mutton":26,"minecraft:coal":33,"minecraft:white_wool":13},"minecraft:used":{"minecraft:oak_fence":1,"minecraft:cooked_mutton":5,"minecraft:stone_pickaxe":70,"minecraft:oak_planks":11,"minecraft:wooden_pickaxe":7,"minecraft:dirt":1,"minecraft:crafting_table":6,"minecraft:blast_furnace":1,"minecraft:smoker":1,"minecraft:wooden_hoe":142,"minecraft:apple":3,"minecraft:light_gray_wool":2,"minecraft:stone_axe":99,"minecraft:diamond_chestplate":1,"minecraft:cobblestone":5,"minecraft:furnace":3},"minecraft:mined":{"minecraft:smithing_table":1,"minecraft:smoker":1,"minecraft:oak_fence":1,"minecraft:crafting_table":5,"minecraft:short_grass":37,"minecraft:blast_furnace":2,"minecraft:grass_block":1,"minecraft:tall_grass":10,"minecraft:cobblestone":1,"minecraft:oak_planks":4,"minecraft:sugar_cane":1,"minecraft:wall_torch":1,"minecraft:hay_block":57,"minecraft:furnace":3,"minecraft:carrots":33,"minecraft:iron_ore":13,"minecraft:wheat":83,"minecraft:light_gray_wool":1,"minecraft:yellow_bed":1,"minecraft:potatoes":14,"minecraft:oak_log":14,"minecraft:coal_ore":18,"minecraft:beetroots":13,"minecraft:stone":35},"minecraft:killed":{"minecraft:pig":9,"minecraft:iron_golem":1,"minecraft:sheep":11,"minecraft:cow":8},"minecraft:crafted":{"minecraft:cooked_beef":13,"minecraft:oak_planks":56,"minecraft:cooked_porkchop":15,"minecraft:crafting_table":1,"minecraft:wooden_pickaxe":1,"minecraft:furnace":2,"minecraft:stone_axe":1,"minecraft:bread":171,"minecraft:cooked_mutton":9,"minecraft:air":0,"minecraft:diamond":9,"minecraft:iron_chestplate":1,"minecraft:wooden_hoe":1,"minecraft:shield":1,"minecraft:stick":40,"minecraft:iron_ingot":13,"minecraft:stone_pickaxe":1,"minecraft:iron_leggings":1,"minecraft:wheat":512,"minecraft:diamond_chestplate":1},"minecraft:dropped":{"minecraft:sugar_cane":3,"minecraft:wheat_seeds":91,"minecraft:oak_fence":2,"minecraft:beetroot":1,"minecraft:gray_wool":1,"minecraft:beetroot_seeds":18,"minecraft:oak_sapling":2,"minecraft:wooden_pickaxe":1,"minecraft:egg":1},"minecraft:custom":{"minecraft:interact_with_furnace":28,"minecraft:mob_kills":29,"minecraft:interact_with_crafting_table":15,"minecraft:leave_game":1,"minecraft:time_since_death":31238,"minecraft:time_since_rest":31272,"minecraft:sprint_one_cm":117344,"minecraft:damage_taken":792,"minecraft:walk_one_cm":86990,"minecraft:drop":37,"minecraft:damage_dealt":3944,"minecraft:talked_to_villager":1,"minecraft:swim_one_cm":12367,"minecraft:fly_one_cm":273991,"minecraft:open_chest":2,"minecraft:crouch_one_cm":275,"minecraft:play_time":40267,"minecraft:deaths":2,"minecraft:sneak_time":183,"minecraft:walk_under_water_one_cm":3330,"minecraft:jump":939,"minecraft:interact_with_blast_furnace":7,"minecraft:walk_on_water_one_cm":12181,"minecraft:interact_with_smoker":6,"minecraft:total_world_time":40267,"minecraft:fall_one_cm":32177},"minecraft:killed_by":{"minecraft:player":1},"minecraft:broken":{"minecraft:wooden_hoe":1}},"DataVersion":3953}