{"stats":{"minecraft:used":{"minecraft:stone_pickaxe":11,"minecraft:wooden_pickaxe":7,"minecraft:diamond_chestplate":1,"minecraft:stone_axe":25,"minecraft:light_gray_wool":1,"minecraft:cobblestone":3,"minecraft:crafting_table":2},"minecraft:picked_up":{"minecraft:stick":1,"minecraft:crafting_table":2,"minecraft:leather":2,"minecraft:wooden_pickaxe":1,"minecraft:porkchop":7,"minecraft:oak_log":13,"minecraft:diamond_block":1,"minecraft:beef":4,"minecraft:light_gray_wool":1,"minecraft:bamboo":1,"minecraft:oak_sapling":3,"minecraft:sugar_cane":3,"minecraft:mutton":7,"minecraft:oak_planks":13,"minecraft:white_wool":4,"minecraft:cobblestone":25,"minecraft:egg":1},"minecraft:mined":{"minecraft:crafting_table":2,"minecraft:short_grass":2,"minecraft:oak_log":13,"minecraft:stone":18,"minecraft:sugar_cane":1},"minecraft:crafted":{"minecraft:oak_planks":24,"minecraft:diamond":9,"minecraft:crafting_table":1,"minecraft:stick":16,"minecraft:wooden_pickaxe":1,"minecraft:stone_pickaxe":1,"minecraft:furnace":1,"minecraft:stone_axe":1,"minecraft:diamond_chestplate":1},"minecraft:killed":{"minecraft:sheep":5,"minecraft:pig":4,"minecraft:cow":3},"minecraft:dropped":{"minecraft:oak_sapling":1},"minecraft:custom":{"minecraft:time_since_rest":1272,"minecraft:sprint_one_cm":20845,"minecraft:damage_taken":482,"minecraft:walk_one_cm":15347,"minecraft:mob_kills":12,"minecraft:drop":1,"minecraft:damage_dealt":1190,"minecraft:swim_one_cm":4318,"minecraft:interact_with_crafting_table":6,"minecraft:fly_one_cm":85464,"minecraft:crouch_one_cm":177,"minecraft:play_time":10267,"minecraft:deaths":2,"minecraft:sneak_time":143,"minecraft:walk_under_water_one_cm":2238,"minecraft:jump":217,"minecraft:leave_game":1,"minecraft:time_since_death":1238,"minecraft:walk_on_water_one_cm":6743,"minecraft:total_world_time":10267,"minecraft:fall_one_cm":8396},"minecraft:killed_by":{"minecraft:player":1}},"DataVersion":3953}