{"stats":{"minecraft:mined":{"minecraft:white_bed":1,"minecraft:spruce_planks":6,"minecraft:dandelion":1,"minecraft:short_grass":32,"minecraft:crafting_table":5,"minecraft:torch":5,"minecraft:granite":1,"minecraft:grass_block":81,"minecraft:tall_grass":2,"minecraft:cobblestone":25,"minecraft:spruce_leaves":1,"minecraft:oak_planks":7,"minecraft:oak_trapdoor":8,"minecraft:furnace":4,"minecraft:iron_ore":69,"minecraft:sweet_berry_bush":5,"minecraft:andesite":3,"minecraft:bell":1,"minecraft:coal_ore":29,"minecraft:pointed_dripstone":2,"minecraft:oak_log":41,"minecraft:dirt_path":80,"minecraft:deepslate_iron_ore":7,"minecraft:dripstone_block":15,"minecraft:dirt":86,"minecraft:stone":178,"minecraft:netherrack":1,"minecraft:oak_leaves":6,"minecraft:spruce_slab":33},"minecraft:killed_by":{"minecraft:player":5},"minecraft:custom":{"minecraft:interact_with_furnace":37,"minecraft:interact_with_anvil":1,"minecraft:mob_kills":36,"minecraft:interact_with_crafting_table":23,"minecraft:open_barrel":19,"minecraft:leave_game":7,"minecraft:time_since_death":4356,"minecraft:sleep_in_bed":3,"minecraft:climb_one_cm":2700,"minecraft:time_since_rest":4380,"minecraft:sprint_one_cm":291005,"minecraft:damage_taken":2033,"minecraft:walk_one_cm":285901,"minecraft:damage_blocked_by_shield":348,"minecraft:drop":47,"minecraft:damage_dealt":4580,"minecraft:swim_one_cm":24061,"minecraft:fly_one_cm":283407,"minecraft:open_chest":103,"minecraft:play_time":92761,"minecraft:crouch_one_cm":42885,"minecraft:sneak_time":13655,"minecraft:deaths":5,"minecraft:walk_under_water_one_cm":9525,"minecraft:jump":1712,"minecraft:walk_on_water_one_cm":8158,"minecraft:total_world_time":92761,"minecraft:fall_one_cm":46079},"minecraft:used":{"minecraft:cooked_mutton":1,"minecraft:stone_sword":45,"minecraft:iron_shovel":254,"minecraft:flint_and_steel":6,"minecraft:spruce_slab":196,"minecraft:stone_pickaxe":68,"minecraft:chest":2,"minecraft:oak_planks":55,"minecraft:spruce_planks":43,"minecraft:wooden_pickaxe":6,"minecraft:iron_sword":27,"minecraft:shield":7,"minecraft:cooked_salmon":8,"minecraft:torch":7,"minecraft:iron_chestplate":1,"minecraft:dirt":85,"minecraft:crafting_table":6,"minecraft:white_bed":2,"minecraft:oak_log":5,"minecraft:iron_axe":76,"minecraft:iron_pickaxe":265,"minecraft:iron_boots":1,"minecraft:stone_axe":48,"minecraft:cobblestone":195,"minecraft:sweet_berries":11,"minecraft:furnace":6,"minecraft:cooked_beef":7,"minecraft:pointed_dripstone":2},"minecraft:dropped":{"minecraft:wheat_seeds":3,"minecraft:stone_axe":1,"minecraft:stone_sword":1,"minecraft:crafting_table":1,"minecraft:dripstone_block":7,"minecraft:pointed_dripstone":1,"minecraft:cobblestone":3,"minecraft:leather":3,"minecraft:granite":2,"minecraft:stick":1,"minecraft:poppy":1,"minecraft:dirt":1,"minecraft:gray_wool":1,"minecraft:torch":1,"minecraft:andesite":3,"minecraft:spruce_slab":10,"minecraft:stone_pickaxe":1,"minecraft:wooden_pickaxe":1,"minecraft:iron_pickaxe":2,"minecraft:iron_shovel":2,"minecraft:string":1},"minecraft:crafted":{"minecraft:cooked_beef":8,"minecraft:oak_planks":132,"minecraft:crafting_table":2,"minecraft:iron_helmet":1,"minecraft:wooden_pickaxe":1,"minecraft:iron_sword":1,"minecraft:furnace":4,"minecraft:cooked_salmon":13,"minecraft:stone_axe":1,"minecraft:cooked_mutton":2,"minecraft:air":0,"minecraft:flint_and_steel":1,"minecraft:iron_chestplate":1,"minecraft:iron_boots":1,"minecraft:iron_axe":1,"minecraft:stick":24,"minecraft:iron_ingot":64,"minecraft:iron_pickaxe":2,"minecraft:stone_pickaxe":1,"minecraft:stone_sword":1,"minecraft:chest":2,"minecraft:iron_shovel":1,"minecraft:iron_leggings":1,"minecraft:white_bed":1,"minecraft:torch":20},"minecraft:picked_up":{"minecraft:iron_chestplate":4,"minecraft:crafting_table":5,"minecraft:wheat":2,"minecraft:cooked_beef":4,"minecraft:andesite":3,"minecraft:salmon":13,"minecraft:leather":5,"minecraft:flint_and_steel":1,"minecraft:flint":6,"minecraft:oak_log":73,"minecraft:shield":6,"minecraft:string":1,"minecraft:oak_trapdoor":40,"minecraft:dirt":433,"minecraft:cooked_salmon":24,"minecraft:iron_axe":4,"minecraft:iron_leggings":4,"minecraft:cooked_mutton":1,"minecraft:iron_shovel":2,"minecraft:bone":14,"minecraft:wheat_seeds":26,"minecraft:bell":5,"minecraft:spruce_planks":6,"minecraft:iron_ingot":147,"minecraft:beef":10,"minecraft:poppy":2,"minecraft:iron_pickaxe":7,"minecraft:spruce_slab":392,"minecraft:iron_sword":4,"minecraft:oak_planks":260,"minecraft:iron_boots":4,"minecraft:furnace":4,"minecraft:stick":4,"minecraft:raw_iron":120,"minecraft:sweet_berries":11,"minecraft:torch":60,"minecraft:dandelion":2,"minecraft:dripstone_block":7,"minecraft:pointed_dripstone":3,"minecraft:white_bed":1,"minecraft:arrow":19,"minecraft:rotten_flesh":9,"minecraft:iron_helmet":4,"minecraft:granite":2,"minecraft:gray_wool":1,"minecraft:oak_sapling":5,"minecraft:mutton":11,"minecraft:coal":52,"minecraft:white_wool":3,"minecraft:cobblestone":210,"minecraft:oxeye_daisy":1},"minecraft:killed":{"minecraft:wolf":1,"minecraft:zombie_villager":1,"minecraft:salmon":14,"minecraft:spider":1,"minecraft:iron_golem":1,"minecraft:skeleton":4,"minecraft:sheep":4,"minecraft:zombie":4,"minecraft:cow":6}},"DataVersion":3953}