{"stats":{"minecraft:mined":{"minecraft:white_bed":1,"minecraft:dandelion":1,"minecraft:torch":3,"minecraft:crafting_table":5,"minecraft:granite":1,"minecraft:short_grass":32,"minecraft:grass_block":81,"minecraft:cobblestone":21,"minecraft:spruce_leaves":1,"minecraft:oak_planks":4,"minecraft:oak_trapdoor":8,"minecraft:furnace":4,"minecraft:iron_ore":69,"minecraft:sweet_berry_bush":5,"minecraft:andesite":3,"minecraft:bell":1,"minecraft:coal_ore":29,"minecraft:pointed_dripstone":2,"minecraft:oak_log":33,"minecraft:deepslate_iron_ore":7,"minecraft:dirt_path":80,"minecraft:dripstone_block":15,"minecraft:dirt":86,"minecraft:stone":178,"minecraft:netherrack":1,"minecraft:oak_leaves":3},"minecraft:custom":{"minecraft:interact_with_furnace":37,"minecraft:mob_kills":34,"minecraft:interact_with_crafting_table":21,"minecraft:open_barrel":19,"minecraft:leave_game":3,"minecraft:time_since_death":72891,"minecraft:sleep_in_bed":3,"minecraft:climb_one_cm":2700,"minecraft:time_since_rest":8718,"minecraft:sprint_one_cm":233514,"minecraft:damage_taken":557,"minecraft:walk_one_cm":203924,"minecraft:damage_blocked_by_shield":168,"minecraft:drop":33,"minecraft:damage_dealt":4136,"minecraft:swim_one_cm":24061,"minecraft:fly_one_cm":226455,"minecraft:open_chest":61,"minecraft:play_time":72891,"minecraft:crouch_one_cm":38470,"minecraft:sneak_time":12680,"minecraft:walk_under_water_one_cm":9525,"minecraft:jump":1431,"minecraft:walk_on_water_one_cm":7901,"minecraft:total_world_time":72891,"minecraft:fall_one_cm":39078},"minecraft:used":{"minecraft:cooked_mutton":1,"minecraft:stone_sword":45,"minecraft:iron_shovel":254,"minecraft:stone_pickaxe":68,"minecraft:oak_planks":28,"minecraft:chest":2,"minecraft:wooden_pickaxe":6,"minecraft:iron_sword":25,"minecraft:shield":4,"minecraft:cooked_salmon":7,"minecraft:iron_chestplate":1,"minecraft:torch":7,"minecraft:dirt":83,"minecraft:crafting_table":6,"minecraft:white_bed":2,"minecraft:iron_axe":18,"minecraft:iron_pickaxe":261,"minecraft:iron_boots":1,"minecraft:stone_axe":48,"minecraft:cobblestone":156,"minecraft:sweet_berries":11,"minecraft:furnace":6,"minecraft:cooked_beef":4,"minecraft:pointed_dripstone":2},"minecraft:dropped":{"minecraft:stone_axe":1,"minecraft:stone_sword":1,"minecraft:crafting_table":1,"minecraft:dripstone_block":7,"minecraft:pointed_dripstone":1,"minecraft:cobblestone":2,"minecraft:leather":3,"minecraft:granite":2,"minecraft:stick":1,"minecraft:poppy":1,"minecraft:dirt":1,"minecraft:gray_wool":1,"minecraft:torch":1,"minecraft:andesite":3,"minecraft:wooden_pickaxe":1,"minecraft:stone_pickaxe":1,"minecraft:iron_pickaxe":2,"minecraft:iron_shovel":2,"minecraft:string":1},"minecraft:crafted":{"minecraft:cooked_beef":8,"minecraft:oak_planks":132,"minecraft:crafting_table":2,"minecraft:iron_helmet":1,"minecraft:wooden_pickaxe":1,"minecraft:iron_sword":1,"minecraft:furnace":4,"minecraft:cooked_salmon":13,"minecraft:stone_axe":1,"minecraft:cooked_mutton":2,"minecraft:air":0,"minecraft:iron_boots":1,"minecraft:iron_chestplate":1,"minecraft:iron_axe":1,"minecraft:stick":20,"minecraft:iron_ingot":64,"minecraft:iron_pickaxe":1,"minecraft:stone_pickaxe":1,"minecraft:stone_sword":1,"minecraft:chest":2,"minecraft:iron_shovel":1,"minecraft:iron_leggings":1,"minecraft:white_bed":1,"minecraft:torch":20},"minecraft:picked_up":{"minecraft:crafting_table":5,"minecraft:wheat":1,"minecraft:andesite":3,"minecraft:salmon":13,"minecraft:leather":5,"minecraft:flint":2,"minecraft:oak_log":33,"minecraft:shield":1,"minecraft:dirt":247,"minecraft:string":1,"minecraft:oak_trapdoor":8,"minecraft:iron_shovel":2,"minecraft:bone":2,"minecraft:wheat_seeds":10,"minecraft:bell":1,"minecraft:iron_ingot":4,"minecraft:beef":10,"minecraft:poppy":2,"minecraft:iron_pickaxe":2,"minecraft:oak_planks":4,"minecraft:furnace":4,"minecraft:raw_iron":87,"minecraft:sweet_berries":11,"minecraft:torch":4,"minecraft:dandelion":2,"minecraft:dripstone_block":7,"minecraft:pointed_dripstone":3,"minecraft:white_bed":1,"minecraft:arrow":4,"minecraft:granite":2,"minecraft:gray_wool":1,"minecraft:mutton":5,"minecraft:coal":46,"minecraft:white_wool":3,"minecraft:cobblestone":188,"minecraft:oxeye_daisy":1},"minecraft:killed":{"minecraft:wolf":1,"minecraft:salmon":14,"minecraft:spider":1,"minecraft:iron_golem":1,"minecraft:skeleton":4,"minecraft:sheep":4,"minecraft:zombie":3,"minecraft:cow":6}},"DataVersion":3953}