{"stats":{"minecraft:mined":{"minecraft:furnace":2,"minecraft:iron_ore":15,"minecraft:sweet_berry_bush":5,"minecraft:crafting_table":2,"minecraft:short_grass":1,"minecraft:pointed_dripstone":2,"minecraft:oak_log":5,"minecraft:coal_ore":14,"minecraft:dripstone_block":15,"minecraft:cobblestone":3,"minecraft:spruce_leaves":1,"minecraft:stone":87},"minecraft:used":{"minecraft:cooked_mutton":1,"minecraft:stone_sword":23,"minecraft:stone_pickaxe":68,"minecraft:oak_planks":7,"minecraft:iron_pickaxe":66,"minecraft:shield":1,"minecraft:wooden_pickaxe":6,"minecraft:iron_boots":1,"minecraft:iron_chestplate":1,"minecraft:stone_axe":13,"minecraft:cobblestone":32,"minecraft:sweet_berries":11,"minecraft:crafting_table":2,"minecraft:furnace":4,"minecraft:cooked_beef":2,"minecraft:pointed_dripstone":2},"minecraft:custom":{"minecraft:time_since_rest":25305,"minecraft:interact_with_furnace":31,"minecraft:sprint_one_cm":75674,"minecraft:damage_blocked_by_shield":66,"minecraft:damage_taken":265,"minecraft:walk_one_cm":59712,"minecraft:mob_kills":22,"minecraft:drop":15,"minecraft:damage_dealt":1544,"minecraft:swim_one_cm":17782,"minecraft:interact_with_crafting_table":11,"minecraft:fly_one_cm":69829,"minecraft:crouch_one_cm":14103,"minecraft:play_time":25305,"minecraft:sneak_time":5344,"minecraft:walk_under_water_one_cm":6197,"minecraft:jump":523,"minecraft:leave_game":2,"minecraft:time_since_death":25305,"minecraft:walk_on_water_one_cm":4684,"minecraft:total_world_time":25305,"minecraft:fall_one_cm":15873},"minecraft:dropped":{"minecraft:gray_wool":1,"minecraft:dripstone_block":7,"minecraft:pointed_dripstone":1,"minecraft:leather":3,"minecraft:stone_pickaxe":1,"minecraft:wooden_pickaxe":1,"minecraft:stick":1},"minecraft:crafted":{"minecraft:cooked_beef":8,"minecraft:oak_planks":20,"minecraft:iron_boots":1,"minecraft:iron_chestplate":1,"minecraft:crafting_table":1,"minecraft:stick":8,"minecraft:iron_ingot":15,"minecraft:wooden_pickaxe":1,"minecraft:stone_pickaxe":1,"minecraft:stone_sword":1,"minecraft:furnace":2,"minecraft:cooked_salmon":13,"minecraft:stone_axe":1,"minecraft:air":0,"minecraft:cooked_mutton":2},"minecraft:picked_up":{"minecraft:crafting_table":2,"minecraft:raw_iron":15,"minecraft:sweet_berries":11,"minecraft:salmon":13,"minecraft:leather":3,"minecraft:torch":1,"minecraft:dripstone_block":7,"minecraft:oak_log":5,"minecraft:pointed_dripstone":3,"minecraft:shield":1,"minecraft:beef":8,"minecraft:granite":1,"minecraft:gray_wool":1,"minecraft:iron_pickaxe":1,"minecraft:mutton":2,"minecraft:coal":24,"minecraft:cobblestone":78,"minecraft:furnace":2},"minecraft:killed":{"minecraft:sheep":1,"minecraft:wolf":1,"minecraft:zombie":1,"minecraft:salmon":14,"minecraft:cow":5}},"DataVersion":3953}