{"stats":{"minecraft:picked_up":{"minecraft:iron_chestplate":2,"minecraft:wheat":3,"minecraft:flower_pot":1,"minecraft:oak_stairs":104,"minecraft:potion":12,"minecraft:enchanted_book":4,"minecraft:brewing_stand":2,"minecraft:string":140,"minecraft:raw_copper":14,"minecraft:cooked_salmon":4,"minecraft:smooth_stone_slab":7,"minecraft:iron_leggings":2,"minecraft:beetroot":1,"minecraft:cobbled_deepslate":176,"minecraft:bucket":2,"minecraft:spruce_planks":58,"minecraft:trial_key":5,"minecraft:cobblestone_slab":16,"minecraft:enchanted_golden_apple":1,"minecraft:furnace":5,"minecraft:iron_boots":2,"minecraft:tipped_arrow":66,"minecraft:stick":9,"minecraft:composter":4,"minecraft:oak_fence":29,"minecraft:torch":55,"minecraft:spruce_stairs":15,"minecraft:porkchop":42,"minecraft:target":2,"minecraft:cherry_log":1,"minecraft:waxed_copper_grate":8,"minecraft:diorite":151,"minecraft:honey_bottle":1,"minecraft:rotten_flesh":84,"minecraft:iron_block":1,"minecraft:end_rod":900,"minecraft:white_terracotta":57,"minecraft:obsidian":5,"minecraft:snowball":48,"minecraft:cobblestone":1600,"minecraft:cooked_beef":24,"minecraft:water_bucket":3,"minecraft:andesite":37,"minecraft:smoker":1,"minecraft:potato":74,"minecraft:flint":1,"minecraft:tuff":25,"minecraft:dirt":2703,"minecraft:bone":95,"minecraft:bow":3,"minecraft:wheat_seeds":64,"minecraft:bolt_armor_trim_smithing_template":1,"minecraft:diamond_helmet":1,"minecraft:stone_hoe":2,"minecraft:oak_planks":116,"minecraft:scrape_pottery_sherd":2,"minecraft:oak_pressure_plate":4,"minecraft:sand":6,"minecraft:mossy_cobblestone":57,"minecraft:diamond":89,"minecraft:granite":13,"minecraft:crossbow":6,"minecraft:breeze_rod":48,"minecraft:golden_apple":3,"minecraft:emerald":115,"minecraft:bread":26,"minecraft:ominous_trial_key":24,"minecraft:diamond_pickaxe":4,"minecraft:waxed_oxidized_cut_copper":2,"minecraft:crafting_table":7,"minecraft:ominous_bottle":4,"minecraft:ladder":19,"minecraft:music_disc_creator":2,"minecraft:brick":107,"minecraft:shield":5,"minecraft:wind_charge":47,"minecraft:cornflower":2,"minecraft:oak_trapdoor":4,"minecraft:flow_banner_pattern":1,"minecraft:flint_and_steel":1,"minecraft:beef":23,"minecraft:poppy":5,"minecraft:spruce_slab":65,"minecraft:guster_pottery_sherd":2,"minecraft:sugar_cane":26,"minecraft:waxed_oxidized_copper":1,"minecraft:spruce_trapdoor":1,"minecraft:egg":8,"minecraft:raw_iron":19,"minecraft:oak_door":6,"minecraft:flow_pottery_sherd":2,"minecraft:carrot":663,"minecraft:redstone":16,"minecraft:tnt":74,"minecraft:cooked_cod":3,"minecraft:stone_shovel":1,"minecraft:arrow":164,"minecraft:diamond_chestplate":2,"minecraft:beetroot_seeds":8,"minecraft:diamond_boots":1,"minecraft:hay_block":39,"minecraft:flow_armor_trim_smithing_template":2,"minecraft:gold_ingot":9,"minecraft:tuff_bricks":10,"minecraft:mutton":4,"minecraft:white_wool":1,"minecraft:stripped_oak_log":2,"minecraft:golden_carrot":15,"minecraft:leather":14,"minecraft:birch_planks":1,"minecraft:oak_log":199,"minecraft:waxed_copper_block":6,"minecraft:gunpowder":2,"minecraft:yellow_bed":1,"minecraft:cobblestone_wall":11,"minecraft:cobblestone_stairs":37,"minecraft:heart_of_the_sea":2,"minecraft:iron_ingot":23,"minecraft:cooked_chicken":1,"minecraft:stripped_oak_wood":1,"minecraft:oak_slab":1,"minecraft:emerald_block":3,"minecraft:dandelion":13,"minecraft:gravel":36,"minecraft:spruce_sapling":11,"minecraft:white_bed":9,"minecraft:spruce_log":544,"minecraft:spruce_door":2,"minecraft:spider_eye":50,"minecraft:diamond_shovel":1,"minecraft:slime_ball":32,"minecraft:stone_axe":1,"minecraft:iron_helmet":2,"minecraft:diamond_axe":6,"minecraft:painting":1,"minecraft:baked_potato":56,"minecraft:coal":28,"minecraft:chiseled_tuff_bricks":4},"minecraft:used":{"minecraft:tuff_bricks":2,"minecraft:iron_shovel":250,"minecraft:spruce_slab":394,"minecraft:ladder":5,"minecraft:chest":4,"minecraft:shield":111,"minecraft:rotten_flesh":3,"minecraft:mutton":3,"minecraft:carrot":447,"minecraft:tuff":23,"minecraft:snowball":48,"minecraft:obsidian":1,"minecraft:lava_bucket":6,"minecraft:iron_helmet":1,"minecraft:bow":7,"minecraft:ominous_bottle":5,"minecraft:furnace":5,"minecraft:cooked_cod":3,"minecraft:beetroot_seeds":1,"minecraft:egg":6,"minecraft:potato":18,"minecraft:diorite":2,"minecraft:end_rod":337,"minecraft:spruce_door":2,"minecraft:oak_planks":3,"minecraft:stone_pickaxe":401,"minecraft:composter":5,"minecraft:sugar_cane":19,"minecraft:diamond_axe":1613,"minecraft:sand":4,"minecraft:crossbow":35,"minecraft:bread":49,"minecraft:gravel":3,"minecraft:andesite":13,"minecraft:bone_meal":174,"minecraft:oak_fence":17,"minecraft:enchanting_table":1,"minecraft:stone_sword":16,"minecraft:flint_and_steel":86,"minecraft:stone_shovel":365,"minecraft:redstone":1,"minecraft:spruce_planks":341,"minecraft:cooked_salmon":4,"minecraft:stone_hoe":65,"minecraft:cooked_chicken":1,"minecraft:trial_key":5,"minecraft:torch":44,"minecraft:brewing_stand":2,"minecraft:dirt":1023,"minecraft:target":1,"minecraft:spruce_stairs":55,"minecraft:cobblestone_wall":1,"minecraft:diamond_helmet":1,"minecraft:granite":2,"minecraft:iron_hoe":192,"minecraft:iron_block":1,"minecraft:iron_axe":42,"minecraft:oak_stairs":2,"minecraft:diamond_chestplate":1,"minecraft:golden_carrot":9,"minecraft:beef":1,"minecraft:cooked_beef":21,"minecraft:cobbled_deepslate":49,"minecraft:wheat_seeds":1,"minecraft:cooked_mutton":2,"minecraft:water_bucket":307,"minecraft:cobblestone_stairs":1,"minecraft:baked_potato":67,"minecraft:cauldron":1,"minecraft:cobblestone_slab":223,"minecraft:waxed_copper_block":1,"minecraft:mossy_cobblestone":1,"minecraft:oak_slab":1,"minecraft:tnt":80,"minecraft:crafting_table":10,"minecraft:white_bed":9,"minecraft:spruce_log":213,"minecraft:cake":2,"minecraft:smoker":1,"minecraft:oak_log":8,"minecraft:diamond_pickaxe":1815,"minecraft:ominous_trial_key":13,"minecraft:diamond_shovel":529,"minecraft:wind_charge":3,"minecraft:spruce_trapdoor":17,"minecraft:spruce_sapling":8,"minecraft:stone_axe":333,"minecraft:cobblestone":78,"minecraft:cooked_porkchop":27,"minecraft:bucket":313,"minecraft:yellow_bed":1,"minecraft:diamond_leggings":1,"minecraft:splash_potion":1},"minecraft:broken":{"minecraft:iron_shovel":1,"minecraft:diamond_helmet":1,"minecraft:iron_boots":1,"minecraft:iron_leggings":1,"minecraft:stone_pickaxe":3,"minecraft:diamond_boots":1,"minecraft:stone_axe":1,"minecraft:stone_shovel":1,"minecraft:diamond_axe":1,"minecraft:iron_axe":1,"minecraft:iron_helmet":1},"minecraft:mined":{"minecraft:spruce_planks":61,"minecraft:white_bed":9,"minecraft:farmland":24,"minecraft:cherry_log":1,"minecraft:cobblestone_stairs":25,"minecraft:brewing_stand":2,"minecraft:obsidian":5,"minecraft:spruce_trapdoor":1,"minecraft:granite":12,"minecraft:budding_amethyst":1,"minecraft:grass_block":718,"minecraft:chiseled_tuff_bricks":4,"minecraft:composter":4,"minecraft:tuff_bricks":10,"minecraft:iron_ore":6,"minecraft:cobbled_deepslate":8,"minecraft:fire":13,"minecraft:target":2,"minecraft:dirt_path":148,"minecraft:oak_stairs":104,"minecraft:iron_block":1,"minecraft:spruce_slab":59,"minecraft:tripwire":1,"minecraft:smoker":1,"minecraft:powder_snow":1,"minecraft:torch":9,"minecraft:poppy":1,"minecraft:chest":1,"minecraft:white_stained_glass_pane":12,"minecraft:cobblestone":505,"minecraft:sugar_cane":12,"minecraft:oak_planks":77,"minecraft:white_terracotta":57,"minecraft:light_gray_stained_glass":1,"minecraft:wheat":15,"minecraft:waxed_copper_block":6,"minecraft:stripped_oak_wood":1,"minecraft:tnt":15,"minecraft:smooth_stone_slab":6,"minecraft:yellow_stained_glass_pane":12,"minecraft:oak_log":194,"minecraft:beetroots":6,"minecraft:oak_fence_gate":1,"minecraft:waxed_oxidized_copper":1,"minecraft:sand":5,"minecraft:dirt":373,"minecraft:oak_leaves":8,"minecraft:deepslate":138,"minecraft:tuff":26,"minecraft:mossy_cobblestone":48,"minecraft:deepslate_diamond_ore":58,"minecraft:oak_door":3,"minecraft:ladder":3,"minecraft:decorated_pot":29,"minecraft:redstone_wire":3,"minecraft:spruce_leaves":2,"minecraft:red_mushroom":1,"minecraft:large_fern":1,"minecraft:hay_block":39,"minecraft:oak_trapdoor":4,"minecraft:waxed_oxidized_cut_copper":2,"minecraft:furnace":5,"minecraft:carrots":168,"minecraft:waxed_copper_grate":8,"minecraft:andesite":28,"minecraft:potatoes":26,"minecraft:deepslate_iron_ore":10,"minecraft:cobblestone_slab":17,"minecraft:stripped_oak_log":2,"minecraft:stone":778,"minecraft:oak_slab":1,"minecraft:glass_pane":14,"minecraft:spruce_door":2,"minecraft:dandelion":7,"minecraft:oak_fence":30,"minecraft:crafting_table":6,"minecraft:cornflower":1,"minecraft:short_grass":286,"minecraft:tall_grass":42,"minecraft:copper_ore":5,"minecraft:diorite":126,"minecraft:spruce_stairs":15,"minecraft:birch_planks":1,"minecraft:cobblestone_wall":11,"minecraft:spruce_log":432,"minecraft:birch_leaves":1,"minecraft:yellow_bed":1,"minecraft:coal_ore":2,"minecraft:end_rod":117,"minecraft:flower_pot":1,"minecraft:gravel":24},"minecraft:dropped":{"minecraft:guster_pottery_sherd":2,"minecraft:birch_planks":1,"minecraft:diamond_axe":3,"minecraft:baked_potato":3,"minecraft:oak_log":33,"minecraft:diamond":19,"minecraft:crafting_table":3,"minecraft:cooked_porkchop":14,"minecraft:crossbow":3,"minecraft:leather":2,"minecraft:cobblestone_stairs":1,"minecraft:dirt":1224,"minecraft:cornflower":2,"minecraft:scrape_pottery_sherd":2,"minecraft:snowball":12,"minecraft:sand":1,"minecraft:gravel":6,"minecraft:stone_axe":2,"minecraft:chiseled_tuff_bricks":2,"minecraft:cobbled_deepslate":67,"minecraft:wheat":1,"minecraft:beetroot":1,"minecraft:rotten_flesh":29,"minecraft:oak_planks":8,"minecraft:waxed_copper_block":1,"minecraft:carrot":202,"minecraft:poppy":3,"minecraft:beetroot_seeds":7,"minecraft:ladder":1,"minecraft:breeze_rod":2,"minecraft:painting":1,"minecraft:beef":5,"minecraft:stone_hoe":2,"minecraft:water_bucket":1,"minecraft:bread":94,"minecraft:wheat_seeds":28,"minecraft:mossy_cobblestone":5,"minecraft:cobblestone":208,"minecraft:waxed_copper_grate":2,"minecraft:granite":1,"minecraft:ominous_trial_key":2,"minecraft:coal":25,"minecraft:end_rod":238,"minecraft:stick":2,"minecraft:milk_bucket":1,"minecraft:golden_carrot":1,"minecraft:torch":5,"minecraft:potion":1,"minecraft:heart_of_the_sea":2,"minecraft:string":38,"minecraft:dandelion":7,"minecraft:tuff_bricks":1,"minecraft:flow_pottery_sherd":2,"minecraft:tuff":1,"minecraft:stone_shovel":2,"minecraft:flint_and_steel":1,"minecraft:potato":6,"minecraft:shield":3,"minecraft:flower_pot":1,"minecraft:iron_chestplate":1,"minecraft:diamond_pickaxe":1,"minecraft:andesite":16,"minecraft:waxed_oxidized_cut_copper":2,"minecraft:spider_eye":20,"minecraft:slime_ball":11,"minecraft:spruce_log":1,"minecraft:brick":67},"minecraft:killed_by":{"minecraft:cave_spider":1,"minecraft:skeleton":1},"minecraft:custom":{"minecraft:interact_with_crafting_table":62,"minecraft:open_barrel":16,"minecraft:eat_cake_slice":9,"minecraft:leave_game":6,"minecraft:time_since_death":200100,"minecraft:sprint_one_cm":2106779,"minecraft:damage_blocked_by_shield":3331,"minecraft:drop":295,"minecraft:talked_to_villager":21,"minecraft:play_time":534239,"minecraft:deaths":3,"minecraft:jump":9879,"minecraft:walk_on_water_one_cm":232640,"minecraft:interact_with_furnace":49,"minecraft:sleep_in_bed":2,"minecraft:damage_dealt":64575,"minecraft:player_kills":1,"minecraft:crouch_one_cm":443129,"minecraft:interact_with_smoker":9,"minecraft:inspect_dispenser":47,"minecraft:mob_kills":413,"minecraft:climb_one_cm":36435,"minecraft:walk_one_cm":1136540,"minecraft:target_hit":1,"minecraft:sneak_time":106336,"minecraft:walk_under_water_one_cm":70000,"minecraft:boat_one_cm":147,"minecraft:interact_with_blast_furnace":1,"minecraft:total_world_time":534239,"minecraft:time_since_rest":200272,"minecraft:damage_taken":14140,"minecraft:swim_one_cm":143676,"minecraft:fly_one_cm":2039273,"minecraft:open_chest":413,"minecraft:fall_one_cm":242513},"minecraft:killed":{"minecraft:cave_spider":83,"minecraft:spider":39,"minecraft:skeleton":54,"minecraft:chicken":1,"minecraft:silverfish":16,"minecraft:zombie_villager":1,"minecraft:creeper":4,"minecraft:sheep":2,"minecraft:zombie":58,"minecraft:stray":14,"minecraft:cow":2,"minecraft:bogged":27,"minecraft:slime":21,"minecraft:husk":54,"minecraft:breeze":32},"minecraft:crafted":{"minecraft:oak_planks":112,"minecraft:cobblestone_slab":396,"minecraft:diamond_shovel":1,"minecraft:cooked_mutton":1,"minecraft:diamond_helmet":2,"minecraft:diamond_leggings":2,"minecraft:chest":4,"minecraft:stone_hoe":1,"minecraft:oak_fence":21,"minecraft:smoker":1,"minecraft:cauldron":1,"minecraft:cooked_porkchop":41,"minecraft:diamond_axe":1,"minecraft:crafting_table":9,"minecraft:spruce_planks":860,"minecraft:baked_potato":19,"minecraft:spruce_trapdoor":18,"minecraft:book":1,"minecraft:paper":3,"minecraft:diamond_pickaxe":1,"minecraft:emerald_block":13,"minecraft:shield":1,"minecraft:stick":60,"minecraft:iron_ingot":22,"minecraft:stone_sword":1,"minecraft:composter":4,"minecraft:stone_shovel":2,"minecraft:furnace":1,"minecraft:bone_meal":174,"minecraft:flint_and_steel":1,"minecraft:spruce_stairs":56,"minecraft:iron_hoe":1,"minecraft:spruce_slab":396,"minecraft:stone_pickaxe":4,"minecraft:diamond_boots":2,"minecraft:wheat":351,"minecraft:enchanting_table":1,"minecraft:bucket":1,"minecraft:stone_axe":3,"minecraft:bread":117,"minecraft:air":0,"minecraft:iron_shovel":1,"minecraft:torch":8}},"DataVersion":3953}