{"stats":{"minecraft:used":{"minecraft:dirt":3,"minecraft:crafting_table":1,"minecraft:stone_pickaxe":7},"minecraft:crafted":{"minecraft:oak_planks":40,"minecraft:crafting_table":1,"minecraft:stick":4,"minecraft:stone_pickaxe":1},"minecraft:mined":{"minecraft:short_grass":1,"minecraft:grass_block":2,"minecraft:oak_log":14,"minecraft:dirt":6,"minecraft:stone":7,"minecraft:oak_leaves":4,"minecraft:crafting_table":1},"minecraft:dropped":{"minecraft:oak_log":4,"minecraft:crafting_table":1},"minecraft:picked_up":{"minecraft:crafting_table":1,"minecraft:oak_log":14,"minecraft:dirt":3,"minecraft:cobblestone":12},"minecraft:custom":{"minecraft:time_since_rest":1919,"minecraft:deaths":1,"minecraft:crouch_one_cm":2976,"minecraft:play_time":5010,"minecraft:sprint_one_cm":4744,"minecraft:damage_taken":20,"minecraft:walk_one_cm":2555,"minecraft:sneak_time":1585,"minecraft:walk_under_water_one_cm":62,"minecraft:drop":2,"minecraft:jump":8,"minecraft:damage_dealt":10,"minecraft:leave_game":1,"minecraft:walk_on_water_one_cm":99,"minecraft:time_since_death":1896,"minecraft:total_world_time":5010,"minecraft:interact_with_crafting_table":3,"minecraft:fall_one_cm":484,"minecraft:fly_one_cm":41889}},"DataVersion":3953}