{"stats":{"minecraft:used":{"minecraft:oak_fence":4,"minecraft:stone_sword":16,"minecraft:iron_shovel":250,"minecraft:flint_and_steel":54,"minecraft:stone_shovel":114,"minecraft:ladder":5,"minecraft:chest":2,"minecraft:shield":2,"minecraft:stone_hoe":63,"minecraft:torch":20,"minecraft:brewing_stand":2,"minecraft:dirt":198,"minecraft:carrot":2,"minecraft:oak_stairs":2,"minecraft:beetroot_seeds":1,"minecraft:wheat_seeds":1,"minecraft:cobblestone_stairs":1,"minecraft:stone_pickaxe":401,"minecraft:oak_planks":2,"minecraft:cobblestone_slab":13,"minecraft:diamond_axe":13,"minecraft:mossy_cobblestone":1,"minecraft:tnt":68,"minecraft:crafting_table":5,"minecraft:white_bed":3,"minecraft:diamond_pickaxe":596,"minecraft:bread":32,"minecraft:stone_axe":286,"minecraft:cobblestone":48,"minecraft:yellow_bed":1},"minecraft:picked_up":{"minecraft:crafting_table":6,"minecraft:iron_chestplate":1,"minecraft:wheat":2,"minecraft:ladder":13,"minecraft:oak_stairs":95,"minecraft:brewing_stand":2,"minecraft:shield":2,"minecraft:cornflower":1,"minecraft:raw_copper":11,"minecraft:smooth_stone_slab":7,"minecraft:flint_and_steel":1,"minecraft:iron_leggings":1,"minecraft:beetroot":1,"minecraft:beef":17,"minecraft:cobblestone_slab":2,"minecraft:poppy":2,"minecraft:iron_boots":1,"minecraft:stick":5,"minecraft:raw_iron":5,"minecraft:oak_door":3,"minecraft:composter":1,"minecraft:oak_fence":19,"minecraft:torch":30,"minecraft:diorite":108,"minecraft:carrot":5,"minecraft:redstone":13,"minecraft:tnt":68,"minecraft:rotten_flesh":5,"minecraft:stone_shovel":1,"minecraft:beetroot_seeds":8,"minecraft:hay_block":39,"minecraft:cobblestone":925,"minecraft:smoker":1,"minecraft:potato":6,"minecraft:oak_log":125,"minecraft:yellow_bed":1,"minecraft:cobblestone_wall":7,"minecraft:cobblestone_stairs":18,"minecraft:dirt":1269,"minecraft:wheat_seeds":36,"minecraft:stone_hoe":2,"minecraft:oak_planks":68,"minecraft:dandelion":7,"minecraft:oak_pressure_plate":4,"minecraft:gravel":17,"minecraft:white_bed":3,"minecraft:spider_eye":2,"minecraft:mossy_cobblestone":39,"minecraft:stone_axe":1,"minecraft:iron_helmet":1,"minecraft:diamond_axe":1,"minecraft:bread":18,"minecraft:coal":16,"minecraft:diamond_pickaxe":1},"minecraft:mined":{"minecraft:white_bed":3,"minecraft:farmland":24,"minecraft:mossy_cobblestone":40,"minecraft:oak_door":1,"minecraft:cobblestone_stairs":16,"minecraft:brewing_stand":2,"minecraft:ladder":2,"minecraft:grass_block":162,"minecraft:composter":1,"minecraft:hay_block":39,"minecraft:carrots":5,"minecraft:iron_ore":4,"minecraft:potatoes":7,"minecraft:dirt_path":47,"minecraft:cobblestone_slab":2,"minecraft:oak_stairs":95,"minecraft:stone":460,"minecraft:glass_pane":10,"minecraft:smoker":1,"minecraft:oak_fence":19,"minecraft:crafting_table":4,"minecraft:torch":4,"minecraft:short_grass":91,"minecraft:white_stained_glass_pane":8,"minecraft:tall_grass":35,"minecraft:copper_ore":5,"minecraft:cobblestone":344,"minecraft:oak_planks":35,"minecraft:diorite":83,"minecraft:cobblestone_wall":7,"minecraft:wheat":13,"minecraft:tnt":8,"minecraft:yellow_bed":1,"minecraft:smooth_stone_slab":6,"minecraft:yellow_stained_glass_pane":7,"minecraft:oak_log":120,"minecraft:coal_ore":1,"minecraft:beetroots":6,"minecraft:gravel":18,"minecraft:dirt":165,"minecraft:oak_leaves":4},"minecraft:killed":{"minecraft:spider":3,"minecraft:zombie":7},"minecraft:crafted":{"minecraft:oak_planks":56,"minecraft:cobblestone_slab":138,"minecraft:stone_shovel":2,"minecraft:stone_pickaxe":4,"minecraft:chest":2,"minecraft:stone_hoe":1,"minecraft:wheat":351,"minecraft:crafting_table":3,"minecraft:stone_axe":3,"minecraft:bread":117,"minecraft:air":0,"minecraft:stick":20,"minecraft:iron_ingot":12,"minecraft:stone_sword":1,"minecraft:iron_shovel":1},"minecraft:dropped":{"minecraft:stone_hoe":2,"minecraft:bread":94,"minecraft:wheat_seeds":11,"minecraft:oak_log":33,"minecraft:mossy_cobblestone":5,"minecraft:crafting_table":3,"minecraft:cobblestone":129,"minecraft:coal":15,"minecraft:stick":2,"minecraft:cobblestone_stairs":1,"minecraft:dirt":768,"minecraft:torch":5,"minecraft:cornflower":1,"minecraft:dandelion":7,"minecraft:stone_axe":2,"minecraft:stone_shovel":2,"minecraft:beetroot":1,"minecraft:oak_planks":1,"minecraft:carrot":3,"minecraft:flint_and_steel":1,"minecraft:poppy":2,"minecraft:potato":6,"minecraft:shield":2,"minecraft:beetroot_seeds":7,"minecraft:ladder":1,"minecraft:spider_eye":1},"minecraft:custom":{"minecraft:mob_kills":10,"minecraft:interact_with_crafting_table":22,"minecraft:leave_game":1,"minecraft:time_since_death":78212,"minecraft:climb_one_cm":1126,"minecraft:sprint_one_cm":264818,"minecraft:walk_one_cm":143033,"minecraft:damage_blocked_by_shield":639,"minecraft:drop":48,"minecraft:talked_to_villager":17,"minecraft:play_time":81326,"minecraft:deaths":1,"minecraft:sneak_time":35196,"minecraft:walk_under_water_one_cm":835,"minecraft:jump":1131,"minecraft:walk_on_water_one_cm":2253,"minecraft:total_world_time":81326,"minecraft:interact_with_furnace":2,"minecraft:sleep_in_bed":1,"minecraft:time_since_rest":30978,"minecraft:damage_taken":1114,"minecraft:damage_dealt":1858,"minecraft:fly_one_cm":318800,"minecraft:open_chest":11,"minecraft:crouch_one_cm":151582,"minecraft:fall_one_cm":28644},"minecraft:broken":{"minecraft:iron_shovel":1,"minecraft:stone_pickaxe":3,"minecraft:stone_axe":1}},"DataVersion":3953}