{"stats":{"minecraft:broken":{"minecraft:iron_shovel":1,"minecraft:diamond_helmet":1,"minecraft:iron_boots":1,"minecraft:iron_leggings":1,"minecraft:stone_pickaxe":3,"minecraft:diamond_boots":1,"minecraft:stone_axe":1,"minecraft:stone_shovel":1,"minecraft:diamond_chestplate":1,"minecraft:diamond_leggings":1,"minecraft:diamond_axe":1,"minecraft:iron_axe":1,"minecraft:iron_helmet":1},"minecraft:mined":{"minecraft:spruce_planks":193,"minecraft:white_bed":11,"minecraft:oak_sapling":4,"minecraft:farmland":24,"minecraft:cherry_log":1,"minecraft:cobblestone_stairs":25,"minecraft:brewing_stand":5,"minecraft:obsidian":5,"minecraft:spruce_trapdoor":2,"minecraft:budding_amethyst":1,"minecraft:potted_dead_bush":1,"minecraft:granite":12,"minecraft:chiseled_polished_blackstone":4,"minecraft:grass_block":721,"minecraft:cracked_polished_blackstone_bricks":21,"minecraft:soul_soil":1,"minecraft:chiseled_tuff_bricks":4,"minecraft:composter":4,"minecraft:tuff_bricks":10,"minecraft:gilded_blackstone":1,"minecraft:polished_blackstone_bricks":22,"minecraft:iron_ore":6,"minecraft:fire":84,"minecraft:cobbled_deepslate":8,"minecraft:target":2,"minecraft:cave_vines":1,"minecraft:dirt_path":148,"minecraft:oak_stairs":104,"minecraft:iron_block":2,"minecraft:green_bed":2,"minecraft:spruce_slab":102,"minecraft:tripwire":1,"minecraft:blackstone":90,"minecraft:smoker":1,"minecraft:soul_fire":3,"minecraft:powder_snow":1,"minecraft:torch":9,"minecraft:poppy":1,"minecraft:chest":1,"minecraft:white_stained_glass_pane":12,"minecraft:nether_quartz_ore":22,"minecraft:cobblestone":506,"minecraft:oak_planks":95,"minecraft:sugar_cane":58,"minecraft:cauldron":1,"minecraft:white_terracotta":57,"minecraft:warped_nylium":6,"minecraft:light_gray_stained_glass":1,"minecraft:wheat":15,"minecraft:waxed_copper_block":6,"minecraft:stripped_oak_wood":1,"minecraft:tnt":15,"minecraft:smooth_stone_slab":6,"minecraft:yellow_stained_glass_pane":12,"minecraft:oak_log":194,"minecraft:beetroots":6,"minecraft:oak_fence_gate":1,"minecraft:waxed_oxidized_copper":1,"minecraft:sand":5,"minecraft:dirt":390,"minecraft:netherrack":894,"minecraft:deepslate":138,"minecraft:oak_leaves":8,"minecraft:tuff":26,"minecraft:mossy_cobblestone":48,"minecraft:deepslate_diamond_ore":58,"minecraft:oak_door":3,"minecraft:nether_bricks":6,"minecraft:ladder":4,"minecraft:decorated_pot":91,"minecraft:redstone_wire":3,"minecraft:spruce_leaves":2,"minecraft:red_mushroom":1,"minecraft:large_fern":1,"minecraft:hay_block":39,"minecraft:oak_trapdoor":4,"minecraft:waxed_oxidized_cut_copper":2,"minecraft:furnace":5,"minecraft:carrots":306,"minecraft:waxed_copper_grate":16,"minecraft:andesite":28,"minecraft:gold_block":16,"minecraft:chiseled_tuff":1,"minecraft:nether_brick_fence":2,"minecraft:potatoes":30,"minecraft:cobblestone_slab":18,"minecraft:deepslate_iron_ore":10,"minecraft:warped_stem":4,"minecraft:stripped_oak_log":2,"minecraft:stone":778,"minecraft:bone_block":64,"minecraft:oak_slab":1,"minecraft:glass_pane":14,"minecraft:soul_sand":1,"minecraft:basalt":41,"minecraft:dandelion":7,"minecraft:spruce_door":2,"minecraft:oak_fence":30,"minecraft:crafting_table":6,"minecraft:cornflower":1,"minecraft:short_grass":291,"minecraft:copper_ore":5,"minecraft:tall_grass":48,"minecraft:diorite":127,"minecraft:spruce_stairs":15,"minecraft:birch_planks":1,"minecraft:cobblestone_wall":11,"minecraft:spruce_log":432,"minecraft:birch_leaves":1,"minecraft:yellow_bed":1,"minecraft:coal_ore":2,"minecraft:end_rod":117,"minecraft:flower_pot":2,"minecraft:gravel":24},"minecraft:killed_by":{"minecraft:bogged":2,"minecraft:cave_spider":2,"minecraft:skeleton":4},"minecraft:custom":{"minecraft:interact_with_crafting_table":88,"minecraft:open_barrel":49,"minecraft:eat_cake_slice":18,"minecraft:leave_game":23,"minecraft:time_since_death":51464,"minecraft:sprint_one_cm":3083028,"minecraft:damage_blocked_by_shield":4396,"minecraft:drop":1191,"minecraft:talked_to_villager":42,"minecraft:play_time":839998,"minecraft:deaths":10,"minecraft:jump":16358,"minecraft:walk_on_water_one_cm":266906,"minecraft:interact_with_furnace":50,"minecraft:traded_with_villager":51,"minecraft:sleep_in_bed":3,"minecraft:open_enderchest":13,"minecraft:damage_dealt":93854,"minecraft:player_kills":2,"minecraft:crouch_one_cm":586855,"minecraft:interact_with_smoker":10,"minecraft:inspect_dispenser":49,"minecraft:horse_one_cm":509,"minecraft:interact_with_anvil":1,"minecraft:mob_kills":649,"minecraft:climb_one_cm":54041,"minecraft:walk_one_cm":1725261,"minecraft:target_hit":1,"minecraft:raid_win":1,"minecraft:sneak_time":145086,"minecraft:walk_under_water_one_cm":91706,"minecraft:boat_one_cm":147,"minecraft:interact_with_blast_furnace":1,"minecraft:total_world_time":839998,"minecraft:raid_trigger":1,"minecraft:time_since_rest":51528,"minecraft:damage_absorbed":40,"minecraft:damage_taken":25943,"minecraft:swim_one_cm":151436,"minecraft:fly_one_cm":3173310,"minecraft:open_chest":961,"minecraft:fall_one_cm":448183},"minecraft:used":{"minecraft:tuff_bricks":2,"minecraft:nether_brick_fence":2,"minecraft:shield":148,"minecraft:iron_shovel":250,"minecraft:chiseled_tuff":1,"minecraft:chest":9,"minecraft:spruce_slab":601,"minecraft:ladder":5,"minecraft:decorated_pot":3,"minecraft:rotten_flesh":3,"minecraft:mutton":3,"minecraft:nether_bricks":6,"minecraft:carrot":688,"minecraft:tuff":23,"minecraft:obsidian":1,"minecraft:snowball":48,"minecraft:lava_bucket":6,"minecraft:iron_helmet":1,"minecraft:bow":7,"minecraft:ominous_bottle":7,"minecraft:furnace":5,"minecraft:cooked_cod":3,"minecraft:beetroot_seeds":1,"minecraft:gold_block":1,"minecraft:egg":6,"minecraft:potato":22,"minecraft:diorite":2,"minecraft:diamond_boots":2,"minecraft:end_rod":337,"minecraft:spruce_door":2,"minecraft:oak_planks":100,"minecraft:stone_pickaxe":401,"minecraft:blackstone":69,"minecraft:composter":7,"minecraft:sugar_cane":30,"minecraft:diamond_axe":2326,"minecraft:cookie":64,"minecraft:golden_apple":1,"minecraft:sand":4,"minecraft:crossbow":93,"minecraft:mace":35,"minecraft:bread":49,"minecraft:gravel":3,"minecraft:fire_charge":1,"minecraft:andesite":13,"minecraft:bone_meal":174,"minecraft:oak_fence":17,"minecraft:enchanting_table":1,"minecraft:stone_sword":16,"minecraft:flint_and_steel":86,"minecraft:stone_shovel":365,"minecraft:redstone":1,"minecraft:spruce_planks":424,"minecraft:cooked_salmon":4,"minecraft:trial_key":8,"minecraft:stone_hoe":65,"minecraft:cooked_chicken":1,"minecraft:netherrack":290,"minecraft:torch":44,"minecraft:brewing_stand":4,"minecraft:dirt":1032,"minecraft:target":1,"minecraft:spruce_stairs":55,"minecraft:cobblestone_wall":1,"minecraft:diamond_helmet":2,"minecraft:granite":2,"minecraft:iron_hoe":192,"minecraft:iron_axe":42,"minecraft:iron_block":2,"minecraft:oak_stairs":2,"minecraft:diamond_chestplate":3,"minecraft:golden_carrot":108,"minecraft:basalt":26,"minecraft:beef":1,"minecraft:emerald_block":2,"minecraft:cooked_beef":23,"minecraft:cobbled_deepslate":49,"minecraft:wheat_seeds":1,"minecraft:cooked_mutton":2,"minecraft:water_bucket":393,"minecraft:cobblestone_stairs":1,"minecraft:baked_potato":76,"minecraft:cauldron":1,"minecraft:green_bed":2,"minecraft:cobblestone_slab":223,"minecraft:waxed_copper_block":1,"minecraft:mossy_cobblestone":1,"minecraft:tnt":80,"minecraft:oak_slab":1,"minecraft:crafting_table":11,"minecraft:white_bed":14,"minecraft:spruce_log":213,"minecraft:cake":10,"minecraft:smoker":1,"minecraft:oak_log":8,"minecraft:diamond_pickaxe":3034,"minecraft:ominous_trial_key":18,"minecraft:diamond_shovel":536,"minecraft:wind_charge":153,"minecraft:cracked_polished_blackstone_bricks":4,"minecraft:spruce_trapdoor":34,"minecraft:spruce_sapling":8,"minecraft:stone_axe":333,"minecraft:cobblestone":78,"minecraft:potion":1,"minecraft:cooked_porkchop":27,"minecraft:bucket":399,"minecraft:yellow_bed":1,"minecraft:diamond_leggings":3,"minecraft:splash_potion":1},"minecraft:crafted":{"minecraft:oak_planks":112,"minecraft:cobblestone_slab":396,"minecraft:diamond_shovel":1,"minecraft:cooked_mutton":1,"minecraft:warped_planks":16,"minecraft:mace":1,"minecraft:cake":6,"minecraft:diamond_helmet":2,"minecraft:diamond_leggings":2,"minecraft:chest":9,"minecraft:stone_hoe":1,"minecraft:oak_fence":21,"minecraft:smoker":1,"minecraft:cauldron":1,"minecraft:cooked_porkchop":41,"minecraft:diamond_axe":1,"minecraft:crafting_table":10,"minecraft:spruce_planks":1116,"minecraft:baked_potato":19,"minecraft:apple":8,"minecraft:spruce_trapdoor":38,"minecraft:book":1,"minecraft:paper":3,"minecraft:diamond_pickaxe":2,"minecraft:emerald_block":20,"minecraft:shield":3,"minecraft:stick":60,"minecraft:iron_ingot":31,"minecraft:stone_sword":1,"minecraft:gold_ingot":342,"minecraft:composter":4,"minecraft:shears":1,"minecraft:golden_carrot":105,"minecraft:cookie":144,"minecraft:stone_shovel":2,"minecraft:wind_charge":212,"minecraft:furnace":1,"minecraft:bone_meal":174,"minecraft:flint_and_steel":1,"minecraft:spruce_stairs":56,"minecraft:spruce_slab":780,"minecraft:iron_hoe":1,"minecraft:stone_pickaxe":4,"minecraft:diamond_boots":2,"minecraft:wheat":351,"minecraft:enchanting_table":1,"minecraft:bucket":1,"minecraft:stone_axe":3,"minecraft:air":0,"minecraft:bread":117,"minecraft:iron_shovel":1,"minecraft:white_bed":3,"minecraft:torch":8},"minecraft:dropped":{"minecraft:guster_pottery_sherd":4,"minecraft:ominous_bottle":1,"minecraft:iron_sword":1,"minecraft:birch_planks":1,"minecraft:diamond_axe":4,"minecraft:cooked_beef":2,"minecraft:oak_log":33,"minecraft:baked_potato":3,"minecraft:ender_pearl":5,"minecraft:glass_bottle":1,"minecraft:diamond":26,"minecraft:crafting_table":3,"minecraft:netherite_upgrade_smithing_template":2,"minecraft:cooked_porkchop":14,"minecraft:decorated_pot":17,"minecraft:crossbow":4,"minecraft:cookie":144,"minecraft:honeycomb":16,"minecraft:leather":2,"minecraft:red_mushroom":2,"minecraft:emerald":144,"minecraft:cobblestone_stairs":1,"minecraft:gold_block":8,"minecraft:cracked_polished_blackstone_bricks":7,"minecraft:dirt":1225,"minecraft:mace":2,"minecraft:cornflower":2,"minecraft:scrape_pottery_sherd":2,"minecraft:snowball":12,"minecraft:chain":11,"minecraft:gold_nugget":6,"minecraft:gilded_blackstone":1,"minecraft:sand":1,"minecraft:polished_blackstone_bricks":10,"minecraft:bone":1,"minecraft:gold_ingot":754,"minecraft:gravel":83,"minecraft:stone_axe":2,"minecraft:emerald_block":21,"minecraft:blackstone":65,"minecraft:chiseled_tuff_bricks":2,"minecraft:cobbled_deepslate":67,"minecraft:wheat":1,"minecraft:obsidian":13,"minecraft:beetroot":1,"minecraft:rotten_flesh":35,"minecraft:oak_planks":9,"minecraft:enchanted_golden_apple":1,"minecraft:diamond_shovel":1,"minecraft:honey_bottle":4,"minecraft:waxed_copper_block":1,"minecraft:carrot":444,"minecraft:music_disc_creator":2,"minecraft:poppy":4,"minecraft:tipped_arrow":17,"minecraft:beetroot_seeds":7,"minecraft:ladder":1,"minecraft:breeze_rod":5,"minecraft:spruce_slab":2,"minecraft:painting":1,"minecraft:basalt":4,"minecraft:arrow":159,"minecraft:beef":5,"minecraft:crying_obsidian":55,"minecraft:quartz":51,"minecraft:splash_potion":1,"minecraft:netherrack":63,"minecraft:stone_hoe":3,"minecraft:water_bucket":1,"minecraft:bread":94,"minecraft:wheat_seeds":30,"minecraft:mossy_cobblestone":5,"minecraft:cobblestone":208,"minecraft:spectral_arrow":49,"minecraft:waxed_copper_grate":9,"minecraft:apple":8,"minecraft:granite":1,"minecraft:ominous_trial_key":15,"minecraft:coal":25,"minecraft:golden_apple":5,"minecraft:stick":2,"minecraft:end_rod":238,"minecraft:iron_block":4,"minecraft:milk_bucket":1,"minecraft:golden_carrot":53,"minecraft:torch":5,"minecraft:lodestone":1,"minecraft:potion":1,"minecraft:heart_of_the_sea":2,"minecraft:white_banner":1,"minecraft:string":48,"minecraft:dandelion":7,"minecraft:tuff_bricks":2,"minecraft:flow_pottery_sherd":2,"minecraft:tuff":1,"minecraft:stone_shovel":2,"minecraft:ender_eye":1,"minecraft:shears":1,"minecraft:flint_and_steel":1,"minecraft:copper_ore":2,"minecraft:potato":6,"minecraft:shield":4,"minecraft:flower_pot":1,"minecraft:iron_chestplate":1,"minecraft:diamond_pickaxe":1,"minecraft:andesite":16,"minecraft:waxed_oxidized_cut_copper":2,"minecraft:spider_eye":23,"minecraft:spruce_log":1,"minecraft:slime_ball":15,"minecraft:brick":158},"minecraft:picked_up":{"minecraft:iron_chestplate":3,"minecraft:wheat":3,"minecraft:nether_brick_fence":2,"minecraft:flower_pot":1,"minecraft:suspicious_stew":6,"minecraft:oak_stairs":104,"minecraft:potion":33,"minecraft:enchanted_book":6,"minecraft:gilded_blackstone":1,"minecraft:nether_brick":194,"minecraft:brewing_stand":5,"minecraft:string":229,"minecraft:soul_soil":1,"minecraft:raw_copper":14,"minecraft:cooked_salmon":4,"minecraft:smooth_stone_slab":7,"minecraft:iron_leggings":2,"minecraft:beetroot":1,"minecraft:diamond_leggings":5,"minecraft:cobbled_deepslate":176,"minecraft:bucket":2,"minecraft:spruce_planks":186,"minecraft:trial_key":8,"minecraft:cobblestone_slab":17,"minecraft:ender_eye":1,"minecraft:netherite_upgrade_smithing_template":2,"minecraft:enchanted_golden_apple":3,"minecraft:iron_boots":5,"minecraft:furnace":6,"minecraft:tipped_arrow":93,"minecraft:stick":12,"minecraft:composter":4,"minecraft:oak_fence":29,"minecraft:torch":55,"minecraft:green_bed":2,"minecraft:spruce_stairs":15,"minecraft:porkchop":42,"minecraft:target":2,"minecraft:cherry_log":1,"minecraft:waxed_copper_grate":27,"minecraft:diorite":152,"minecraft:cauldron":1,"minecraft:honey_bottle":4,"minecraft:rotten_flesh":92,"minecraft:iron_block":6,"minecraft:end_rod":900,"minecraft:white_terracotta":57,"minecraft:blaze_rod":14,"minecraft:obsidian":41,"minecraft:snowball":48,"minecraft:cobblestone":1600,"minecraft:cooked_beef":45,"minecraft:water_bucket":6,"minecraft:andesite":37,"minecraft:smoker":1,"minecraft:potato":91,"minecraft:flint":1,"minecraft:tuff":25,"minecraft:dirt":2731,"minecraft:bone":144,"minecraft:bow":4,"minecraft:wheat_seeds":66,"minecraft:bolt_armor_trim_smithing_template":3,"minecraft:diamond_helmet":7,"minecraft:stone_hoe":2,"minecraft:oak_planks":417,"minecraft:honeycomb":16,"minecraft:scrape_pottery_sherd":3,"minecraft:chiseled_polished_blackstone":4,"minecraft:oak_pressure_plate":4,"minecraft:poisonous_potato":1,"minecraft:sand":6,"minecraft:spectral_arrow":351,"minecraft:mossy_cobblestone":57,"minecraft:diamond":115,"minecraft:cracked_polished_blackstone_bricks":11,"minecraft:granite":13,"minecraft:crossbow":11,"minecraft:breeze_rod":65,"minecraft:bone_meal":22,"minecraft:golden_apple":11,"minecraft:emerald":404,"minecraft:bread":26,"minecraft:oak_sapling":3,"minecraft:netherrack":639,"minecraft:ominous_trial_key":37,"minecraft:diamond_pickaxe":8,"minecraft:waxed_oxidized_cut_copper":2,"minecraft:crafting_table":7,"minecraft:ominous_bottle":8,"minecraft:splash_potion":3,"minecraft:ladder":22,"minecraft:gold_block":44,"minecraft:music_disc_creator":3,"minecraft:brick":168,"minecraft:shield":8,"minecraft:wind_charge":106,"minecraft:cornflower":2,"minecraft:oak_trapdoor":8,"minecraft:flow_banner_pattern":1,"minecraft:iron_axe":2,"minecraft:flint_and_steel":1,"minecraft:blackstone":567,"minecraft:beef":23,"minecraft:oak_boat":1,"minecraft:chiseled_tuff":1,"minecraft:iron_nugget":93,"minecraft:poppy":6,"minecraft:spruce_slab":100,"minecraft:guster_pottery_sherd":4,"minecraft:sugar_cane":109,"minecraft:copper_ore":2,"minecraft:spruce_trapdoor":2,"minecraft:waxed_oxidized_copper":1,"minecraft:egg":8,"minecraft:raw_iron":19,"minecraft:oak_door":6,"minecraft:fire_charge":28,"minecraft:polished_blackstone_bricks":10,"minecraft:flow_pottery_sherd":2,"minecraft:cake":4,"minecraft:mace":4,"minecraft:stone_button":1,"minecraft:cookie":128,"minecraft:carrot":1653,"minecraft:redstone":22,"minecraft:tnt":74,"minecraft:arrow":785,"minecraft:stone_shovel":1,"minecraft:diamond_chestplate":7,"minecraft:cooked_cod":3,"minecraft:decorated_pot":42,"minecraft:beetroot_seeds":8,"minecraft:nether_bricks":6,"minecraft:shears":1,"minecraft:diamond_boots":5,"minecraft:hay_block":39,"minecraft:flow_armor_trim_smithing_template":7,"minecraft:saddle":1,"minecraft:gold_ingot":646,"minecraft:tuff_bricks":11,"minecraft:mutton":4,"minecraft:bone_block":64,"minecraft:white_wool":12,"minecraft:stripped_oak_log":2,"minecraft:basalt":30,"minecraft:golden_carrot":90,"minecraft:leather":129,"minecraft:red_mushroom":7,"minecraft:birch_planks":65,"minecraft:oak_log":199,"minecraft:waxed_copper_block":6,"minecraft:cobblestone_wall":11,"minecraft:yellow_bed":1,"minecraft:gunpowder":2,"minecraft:cobblestone_stairs":37,"minecraft:white_banner":1,"minecraft:warped_stem":4,"minecraft:heart_of_the_sea":2,"minecraft:iron_ingot":78,"minecraft:cooked_chicken":2,"minecraft:stripped_oak_wood":1,"minecraft:glass_bottle":1,"minecraft:iron_sword":2,"minecraft:soul_sand":129,"minecraft:oak_slab":205,"minecraft:emerald_block":7,"minecraft:heavy_core":1,"minecraft:quartz":131,"minecraft:dandelion":13,"minecraft:gravel":443,"minecraft:spruce_sapling":11,"minecraft:white_bed":11,"minecraft:spruce_log":544,"minecraft:crying_obsidian":56,"minecraft:spruce_door":2,"minecraft:spider_eye":55,"minecraft:diamond_shovel":4,"minecraft:slime_ball":275,"minecraft:stone_axe":1,"minecraft:iron_helmet":2,"minecraft:diamond_axe":17,"minecraft:painting":1,"minecraft:lodestone":1,"minecraft:baked_potato":96,"minecraft:coal":29,"minecraft:chiseled_tuff_bricks":4,"minecraft:ender_pearl":26},"minecraft:killed":{"minecraft:cave_spider":94,"minecraft:witch":1,"minecraft:spider":39,"minecraft:skeleton":68,"minecraft:chicken":1,"minecraft:silverfish":24,"minecraft:piglin_brute":5,"minecraft:piglin":15,"minecraft:zombie_villager":1,"minecraft:creeper":4,"minecraft:sheep":2,"minecraft:pillager":5,"minecraft:zombie":59,"minecraft:stray":16,"minecraft:ghast":1,"minecraft:cow":2,"minecraft:blaze":47,"minecraft:bogged":40,"minecraft:vindicator":2,"minecraft:slime":101,"minecraft:husk":63,"minecraft:hoglin":1,"minecraft:breeze":38,"minecraft:wither_skeleton":8}},"DataVersion":3953}