{"stats":{"minecraft:picked_up":{"minecraft:crafting_table":7,"minecraft:iron_chestplate":2,"minecraft:wheat":2,"minecraft:ladder":15,"minecraft:oak_stairs":95,"minecraft:brewing_stand":2,"minecraft:shield":2,"minecraft:cornflower":1,"minecraft:string":8,"minecraft:raw_copper":14,"minecraft:flint_and_steel":1,"minecraft:smooth_stone_slab":7,"minecraft:iron_leggings":2,"minecraft:beetroot":1,"minecraft:cobbled_deepslate":18,"minecraft:beef":17,"minecraft:cobblestone_slab":14,"minecraft:poppy":3,"minecraft:furnace":4,"minecraft:iron_boots":2,"minecraft:stick":5,"minecraft:raw_iron":10,"minecraft:oak_door":3,"minecraft:composter":1,"minecraft:oak_fence":19,"minecraft:torch":30,"minecraft:porkchop":40,"minecraft:target":1,"minecraft:diorite":140,"minecraft:carrot":5,"minecraft:redstone":16,"minecraft:tnt":73,"minecraft:rotten_flesh":9,"minecraft:stone_shovel":1,"minecraft:arrow":1,"minecraft:beetroot_seeds":8,"minecraft:hay_block":39,"minecraft:end_rod":873,"minecraft:obsidian":5,"minecraft:snowball":48,"minecraft:cobblestone":1041,"minecraft:cooked_beef":5,"minecraft:water_bucket":1,"minecraft:leather":12,"minecraft:smoker":1,"minecraft:potato":7,"minecraft:tuff":24,"minecraft:oak_log":125,"minecraft:yellow_bed":1,"minecraft:cobblestone_wall":7,"minecraft:cobblestone_stairs":18,"minecraft:dirt":1437,"minecraft:bow":1,"minecraft:wheat_seeds":47,"minecraft:stone_hoe":2,"minecraft:oak_planks":80,"minecraft:dandelion":9,"minecraft:oak_pressure_plate":4,"minecraft:gravel":26,"minecraft:white_bed":3,"minecraft:spider_eye":4,"minecraft:mossy_cobblestone":39,"minecraft:diamond":38,"minecraft:stone_axe":1,"minecraft:iron_helmet":2,"minecraft:diamond_axe":2,"minecraft:painting":1,"minecraft:bread":18,"minecraft:coal":28,"minecraft:diamond_pickaxe":2},"minecraft:used":{"minecraft:oak_fence":4,"minecraft:stone_sword":16,"minecraft:enchanting_table":1,"minecraft:iron_shovel":250,"minecraft:flint_and_steel":54,"minecraft:stone_shovel":141,"minecraft:redstone":1,"minecraft:ladder":5,"minecraft:chest":2,"minecraft:shield":2,"minecraft:rotten_flesh":3,"minecraft:stone_hoe":63,"minecraft:torch":32,"minecraft:brewing_stand":2,"minecraft:dirt":409,"minecraft:target":1,"minecraft:carrot":2,"minecraft:tuff":23,"minecraft:snowball":6,"minecraft:obsidian":1,"minecraft:lava_bucket":1,"minecraft:oak_stairs":2,"minecraft:iron_helmet":1,"minecraft:bow":7,"minecraft:furnace":4,"minecraft:beetroot_seeds":1,"minecraft:cooked_beef":5,"minecraft:cobbled_deepslate":4,"minecraft:wheat_seeds":1,"minecraft:cooked_mutton":1,"minecraft:water_bucket":9,"minecraft:diorite":1,"minecraft:end_rod":331,"minecraft:cobblestone_stairs":1,"minecraft:stone_pickaxe":401,"minecraft:oak_planks":3,"minecraft:cobblestone_slab":217,"minecraft:diamond_axe":37,"minecraft:mossy_cobblestone":1,"minecraft:tnt":73,"minecraft:crafting_table":6,"minecraft:white_bed":3,"minecraft:diamond_pickaxe":908,"minecraft:bread":41,"minecraft:stone_axe":286,"minecraft:cobblestone":56,"minecraft:bucket":11,"minecraft:yellow_bed":1},"minecraft:mined":{"minecraft:tuff":25,"minecraft:white_bed":3,"minecraft:farmland":24,"minecraft:mossy_cobblestone":40,"minecraft:deepslate_diamond_ore":21,"minecraft:oak_door":1,"minecraft:cobblestone_stairs":16,"minecraft:brewing_stand":2,"minecraft:obsidian":5,"minecraft:ladder":3,"minecraft:budding_amethyst":1,"minecraft:grass_block":183,"minecraft:redstone_wire":3,"minecraft:composter":1,"minecraft:hay_block":39,"minecraft:furnace":4,"minecraft:carrots":5,"minecraft:iron_ore":4,"minecraft:fire":1,"minecraft:target":1,"minecraft:potatoes":7,"minecraft:deepslate_iron_ore":3,"minecraft:cobblestone_slab":14,"minecraft:dirt_path":48,"minecraft:oak_stairs":95,"minecraft:stone":493,"minecraft:glass_pane":10,"minecraft:smoker":1,"minecraft:dandelion":2,"minecraft:oak_fence":19,"minecraft:crafting_table":5,"minecraft:torch":4,"minecraft:short_grass":148,"minecraft:poppy":1,"minecraft:white_stained_glass_pane":8,"minecraft:tall_grass":35,"minecraft:copper_ore":5,"minecraft:cobblestone":402,"minecraft:oak_planks":40,"minecraft:diorite":115,"minecraft:cobblestone_wall":7,"minecraft:wheat":14,"minecraft:tnt":14,"minecraft:yellow_bed":1,"minecraft:smooth_stone_slab":6,"minecraft:yellow_stained_glass_pane":7,"minecraft:oak_log":120,"minecraft:coal_ore":2,"minecraft:beetroots":6,"minecraft:oak_fence_gate":1,"minecraft:end_rod":94,"minecraft:gravel":18,"minecraft:dirt":200,"minecraft:oak_leaves":4,"minecraft:deepslate":14},"minecraft:killed":{"minecraft:spider":6,"minecraft:skeleton":3,"minecraft:zombie_villager":1,"minecraft:zombie":8},"minecraft:crafted":{"minecraft:oak_planks":56,"minecraft:cobblestone_slab":390,"minecraft:stone_shovel":2,"minecraft:furnace":1,"minecraft:stone_pickaxe":4,"minecraft:chest":2,"minecraft:stone_hoe":1,"minecraft:wheat":351,"minecraft:crafting_table":4,"minecraft:enchanting_table":1,"minecraft:bucket":1,"minecraft:stone_axe":3,"minecraft:bread":117,"minecraft:air":0,"minecraft:book":1,"minecraft:paper":3,"minecraft:stick":20,"minecraft:iron_ingot":12,"minecraft:stone_sword":1,"minecraft:iron_shovel":1,"minecraft:torch":8},"minecraft:dropped":{"minecraft:stone_hoe":2,"minecraft:bread":94,"minecraft:wheat_seeds":20,"minecraft:oak_log":33,"minecraft:mossy_cobblestone":5,"minecraft:crafting_table":3,"minecraft:cobblestone":129,"minecraft:coal":25,"minecraft:end_rod":44,"minecraft:stick":2,"minecraft:cobblestone_stairs":1,"minecraft:dirt":788,"minecraft:torch":5,"minecraft:cornflower":1,"minecraft:dandelion":7,"minecraft:stone_axe":2,"minecraft:stone_shovel":2,"minecraft:beetroot":1,"minecraft:oak_planks":8,"minecraft:carrot":3,"minecraft:flint_and_steel":1,"minecraft:poppy":3,"minecraft:potato":6,"minecraft:shield":2,"minecraft:beetroot_seeds":7,"minecraft:ladder":1,"minecraft:spider_eye":1,"minecraft:painting":1},"minecraft:custom":{"minecraft:mob_kills":18,"minecraft:interact_with_crafting_table":31,"minecraft:leave_game":2,"minecraft:time_since_death":6392,"minecraft:climb_one_cm":1126,"minecraft:sprint_one_cm":471004,"minecraft:walk_one_cm":260678,"minecraft:damage_blocked_by_shield":639,"minecraft:drop":74,"minecraft:talked_to_villager":17,"minecraft:target_hit":1,"minecraft:play_time":127737,"minecraft:sneak_time":46206,"minecraft:deaths":2,"minecraft:walk_under_water_one_cm":835,"minecraft:jump":1810,"minecraft:walk_on_water_one_cm":2554,"minecraft:total_world_time":127737,"minecraft:interact_with_furnace":3,"minecraft:sleep_in_bed":1,"minecraft:time_since_rest":6560,"minecraft:damage_taken":2217,"minecraft:damage_dealt":3117,"minecraft:fly_one_cm":521008,"minecraft:open_chest":52,"minecraft:crouch_one_cm":198359,"minecraft:fall_one_cm":43366},"minecraft:killed_by":{"minecraft:cave_spider":1},"minecraft:broken":{"minecraft:iron_shovel":1,"minecraft:stone_pickaxe":3,"minecraft:stone_axe":1}},"DataVersion":3953}