{"stats":{"minecraft:picked_up":{"minecraft:crafting_table":1,"minecraft:ladder":9,"minecraft:oak_stairs":2,"minecraft:oak_log":19,"minecraft:yellow_bed":1,"minecraft:shield":2,"minecraft:cobblestone_stairs":11,"minecraft:dirt":17,"minecraft:wheat_seeds":8,"minecraft:beef":17,"minecraft:cobblestone_slab":2,"minecraft:oak_planks":36,"minecraft:stone_hoe":2,"minecraft:stick":5,"minecraft:oak_door":1,"minecraft:oak_fence":4,"minecraft:torch":7,"minecraft:oak_pressure_plate":4,"minecraft:white_bed":3,"minecraft:carrot":4,"minecraft:mossy_cobblestone":17,"minecraft:rotten_flesh":2,"minecraft:beetroot_seeds":1,"minecraft:hay_block":39,"minecraft:bread":2,"minecraft:cobblestone":126},"minecraft:used":{"minecraft:oak_fence":4,"minecraft:wheat_seeds":1,"minecraft:stone_sword":16,"minecraft:cobblestone_stairs":1,"minecraft:stone_pickaxe":163,"minecraft:ladder":5,"minecraft:oak_planks":2,"minecraft:shield":2,"minecraft:stone_hoe":63,"minecraft:torch":1,"minecraft:mossy_cobblestone":1,"minecraft:dirt":3,"minecraft:crafting_table":3,"minecraft:carrot":2,"minecraft:white_bed":3,"minecraft:oak_stairs":2,"minecraft:bread":17,"minecraft:beetroot_seeds":1,"minecraft:yellow_bed":1},"minecraft:mined":{"minecraft:white_bed":3,"minecraft:glass_pane":2,"minecraft:mossy_cobblestone":18,"minecraft:cobblestone_stairs":10,"minecraft:oak_fence":4,"minecraft:crafting_table":1,"minecraft:ladder":2,"minecraft:short_grass":76,"minecraft:grass_block":2,"minecraft:white_stained_glass_pane":7,"minecraft:cobblestone":114,"minecraft:tall_grass":30,"minecraft:oak_planks":3,"minecraft:hay_block":39,"minecraft:carrots":4,"minecraft:wheat":1,"minecraft:yellow_bed":1,"minecraft:yellow_stained_glass_pane":4,"minecraft:oak_log":15,"minecraft:cobblestone_slab":2,"minecraft:beetroots":1,"minecraft:dirt_path":1,"minecraft:oak_stairs":2,"minecraft:dirt":6,"minecraft:stone":7,"minecraft:oak_leaves":4},"minecraft:killed":{"minecraft:spider":2,"minecraft:zombie":3},"minecraft:crafted":{"minecraft:oak_planks":56,"minecraft:crafting_table":3,"minecraft:bread":117,"minecraft:stick":12,"minecraft:stone_pickaxe":3,"minecraft:stone_sword":1,"minecraft:stone_hoe":1,"minecraft:wheat":351},"minecraft:dropped":{"minecraft:stone_hoe":2,"minecraft:bread":78,"minecraft:oak_log":4,"minecraft:crafting_table":1,"minecraft:shield":2},"minecraft:custom":{"minecraft:mob_kills":5,"minecraft:interact_with_crafting_table":10,"minecraft:leave_game":1,"minecraft:time_since_death":24212,"minecraft:climb_one_cm":1126,"minecraft:time_since_rest":24235,"minecraft:sprint_one_cm":112600,"minecraft:damage_taken":735,"minecraft:walk_one_cm":58728,"minecraft:damage_blocked_by_shield":639,"minecraft:drop":8,"minecraft:damage_dealt":928,"minecraft:talked_to_villager":17,"minecraft:fly_one_cm":179992,"minecraft:open_chest":1,"minecraft:crouch_one_cm":26225,"minecraft:play_time":27326,"minecraft:deaths":1,"minecraft:sneak_time":7080,"minecraft:walk_under_water_one_cm":835,"minecraft:jump":475,"minecraft:walk_on_water_one_cm":1396,"minecraft:total_world_time":27326,"minecraft:fall_one_cm":11360},"minecraft:broken":{"minecraft:stone_pickaxe":1}},"DataVersion":3953}