{"stats":{"minecraft:picked_up":{"minecraft:crafting_table":2,"minecraft:cooked_beef":2,"minecraft:leather":24,"minecraft:wooden_pickaxe":1,"minecraft:oak_stairs":1,"minecraft:oak_log":133,"minecraft:gunpowder":1,"minecraft:string":4,"minecraft:dirt":23,"minecraft:wheat_seeds":2,"minecraft:iron_ingot":3,"minecraft:beef":42,"minecraft:stone_pickaxe":1,"minecraft:poppy":1,"minecraft:glass_bottle":2,"minecraft:oak_planks":29,"minecraft:furnace":6,"minecraft:stick":3,"minecraft:torch":1,"minecraft:porkchop":3,"minecraft:redstone":7,"minecraft:stone_sword":1,"minecraft:stone_axe":1,"minecraft:mutton":6,"minecraft:coal":55,"minecraft:white_wool":5,"minecraft:cobblestone":174},"minecraft:used":{"minecraft:oak_fence":1,"minecraft:cooked_mutton":1,"minecraft:stone_sword":91,"minecraft:stone_shovel":13,"minecraft:stone_pickaxe":184,"minecraft:wooden_pickaxe":3,"minecraft:torch":3,"minecraft:dirt":2,"minecraft:mutton":2,"minecraft:crafting_table":3,"minecraft:oak_log":10,"minecraft:oak_stairs":5,"minecraft:stone_axe":134,"minecraft:cobblestone":20,"minecraft:furnace":6,"minecraft:porkchop":3,"minecraft:cooked_beef":2},"minecraft:mined":{"minecraft:crafting_table":2,"minecraft:short_grass":11,"minecraft:grass_block":7,"minecraft:cobblestone":1,"minecraft:wall_torch":1,"minecraft:furnace":6,"minecraft:birch_leaves":3,"minecraft:oak_log":135,"minecraft:coal_ore":35,"minecraft:dirt_path":2,"minecraft:oak_stairs":1,"minecraft:dirt":14,"minecraft:stone":143,"minecraft:oak_leaves":5},"minecraft:killed":{"minecraft:pig":2,"minecraft:witch":1,"minecraft:spider":1,"minecraft:iron_golem":1,"minecraft:creeper":1,"minecraft:sheep":3,"minecraft:zombie":1,"minecraft:cow":21},"minecraft:crafted":{"minecraft:cooked_beef":40,"minecraft:oak_planks":112,"minecraft:stone_shovel":1,"minecraft:crafting_table":2,"minecraft:wooden_pickaxe":1,"minecraft:furnace":3,"minecraft:stone_axe":2,"minecraft:cooked_mutton":0,"minecraft:air":0,"minecraft:shield":1,"minecraft:stick":72,"minecraft:stone_pickaxe":2,"minecraft:oak_stairs":8,"minecraft:stone_sword":1,"minecraft:white_bed":1,"minecraft:torch":4,"minecraft:oak_fence":3},"minecraft:dropped":{"minecraft:wheat_seeds":2,"minecraft:glass_bottle":2,"minecraft:oak_fence":2,"minecraft:oak_planks":1,"minecraft:stick":2,"minecraft:poppy":1,"minecraft:gunpowder":1,"minecraft:torch":2,"minecraft:mutton":2,"minecraft:oak_stairs":4,"minecraft:wooden_pickaxe":1,"minecraft:redstone":7},"minecraft:custom":{"minecraft:interact_with_furnace":25,"minecraft:mob_kills":31,"minecraft:interact_with_crafting_table":14,"minecraft:leave_game":1,"minecraft:time_since_death":23654,"minecraft:time_since_rest":23682,"minecraft:sprint_one_cm":121540,"minecraft:damage_taken":520,"minecraft:walk_one_cm":85948,"minecraft:drop":13,"minecraft:damage_dealt":4487,"minecraft:swim_one_cm":5984,"minecraft:fly_one_cm":253045,"minecraft:crouch_one_cm":14858,"minecraft:play_time":35753,"minecraft:deaths":2,"minecraft:sneak_time":3838,"minecraft:walk_under_water_one_cm":351,"minecraft:jump":911,"minecraft:walk_on_water_one_cm":1447,"minecraft:total_world_time":35753,"minecraft:fall_one_cm":27502},"minecraft:killed_by":{"minecraft:zombie":1},"minecraft:broken":{"minecraft:stone_pickaxe":1,"minecraft:stone_axe":1}},"DataVersion":3953}