{"stats":{"minecraft:picked_up":{"minecraft:crafting_table":9,"minecraft:cooked_beef":40,"minecraft:andesite":11,"minecraft:leather":47,"minecraft:wooden_pickaxe":1,"minecraft:oak_stairs":1,"minecraft:flint":9,"minecraft:oak_log":228,"minecraft:shield":1,"minecraft:gunpowder":1,"minecraft:amethyst_block":2,"minecraft:string":4,"minecraft:lapis_lazuli":40,"minecraft:dirt":116,"minecraft:bone":2,"minecraft:wheat_seeds":2,"minecraft:cobbled_deepslate":311,"minecraft:iron_ingot":17,"minecraft:beef":42,"minecraft:stone_pickaxe":1,"minecraft:calcite":14,"minecraft:poppy":1,"minecraft:iron_pickaxe":1,"minecraft:glass_bottle":2,"minecraft:iron_sword":1,"minecraft:oak_planks":68,"minecraft:furnace":14,"minecraft:golden_helmet":2,"minecraft:stick":49,"minecraft:raw_iron":67,"minecraft:smooth_basalt":24,"minecraft:cooked_porkchop":15,"minecraft:torch":1,"minecraft:gravel":14,"minecraft:porkchop":43,"minecraft:diorite":36,"minecraft:white_bed":1,"minecraft:redstone":7,"minecraft:stone_sword":1,"minecraft:arrow":3,"minecraft:stone_shovel":1,"minecraft:rotten_flesh":4,"minecraft:diamond":33,"minecraft:stone_axe":2,"minecraft:granite":7,"minecraft:end_rod":5,"minecraft:coal":163,"minecraft:mutton":6,"minecraft:white_wool":5,"minecraft:cobblestone":798},"minecraft:used":{"minecraft:oak_fence":1,"minecraft:cooked_mutton":1,"minecraft:stone_sword":91,"minecraft:stone_pickaxe":657,"minecraft:stone_shovel":69,"minecraft:shield":2,"minecraft:wooden_pickaxe":3,"minecraft:iron_sword":68,"minecraft:torch":3,"minecraft:dirt":31,"minecraft:mutton":2,"minecraft:crafting_table":9,"minecraft:oak_log":10,"minecraft:oak_stairs":5,"minecraft:iron_pickaxe":189,"minecraft:iron_boots":1,"minecraft:stone_axe":144,"minecraft:cobblestone":66,"minecraft:furnace":11,"minecraft:porkchop":3,"minecraft:cooked_beef":10,"minecraft:iron_leggings":1},"minecraft:mined":{"minecraft:deepslate_diamond_ore":19,"minecraft:crafting_table":8,"minecraft:granite":7,"minecraft:short_grass":12,"minecraft:calcite":14,"minecraft:grass_block":7,"minecraft:cobblestone":2,"minecraft:diorite":36,"minecraft:wall_torch":1,"minecraft:amethyst_block":2,"minecraft:furnace":11,"minecraft:iron_ore":12,"minecraft:birch_leaves":3,"minecraft:andesite":11,"minecraft:deepslate_lapis_ore":4,"minecraft:end_rod":4,"minecraft:dirt_path":2,"minecraft:coal_ore":57,"minecraft:oak_log":135,"minecraft:deepslate_iron_ore":40,"minecraft:oak_stairs":1,"minecraft:gravel":20,"minecraft:dirt":50,"minecraft:smooth_basalt":24,"minecraft:stone":430,"minecraft:oak_leaves":5,"minecraft:deepslate":178},"minecraft:killed":{"minecraft:pig":20,"minecraft:witch":1,"minecraft:spider":1,"minecraft:iron_golem":1,"minecraft:creeper":2,"minecraft:skeleton":2,"minecraft:sheep":3,"minecraft:donkey":2,"minecraft:zombie":5,"minecraft:cow":21},"minecraft:crafted":{"minecraft:cooked_beef":40,"minecraft:oak_planks":112,"minecraft:stone_shovel":1,"minecraft:crafting_table":2,"minecraft:wooden_pickaxe":1,"minecraft:iron_helmet":1,"minecraft:iron_sword":1,"minecraft:furnace":3,"minecraft:stone_axe":2,"minecraft:cooked_mutton":0,"minecraft:air":0,"minecraft:iron_boots":1,"minecraft:shield":1,"minecraft:stick":72,"minecraft:iron_ingot":10,"minecraft:iron_pickaxe":1,"minecraft:stone_pickaxe":5,"minecraft:oak_stairs":8,"minecraft:stone_sword":1,"minecraft:iron_leggings":1,"minecraft:white_bed":1,"minecraft:torch":4,"minecraft:oak_fence":3,"minecraft:diamond_chestplate":1},"minecraft:dropped":{"minecraft:gravel":12,"minecraft:wheat_seeds":2,"minecraft:golden_helmet":2,"minecraft:glass_bottle":2,"minecraft:oak_fence":2,"minecraft:rotten_flesh":2,"minecraft:oak_planks":1,"minecraft:amethyst_block":2,"minecraft:granite":7,"minecraft:stick":2,"minecraft:end_rod":5,"minecraft:poppy":1,"minecraft:gunpowder":1,"minecraft:diorite":30,"minecraft:torch":2,"minecraft:mutton":2,"minecraft:andesite":11,"minecraft:oak_stairs":4,"minecraft:arrow":2,"minecraft:wooden_pickaxe":1,"minecraft:calcite":14,"minecraft:string":2,"minecraft:smooth_basalt":24,"minecraft:bone":2,"minecraft:redstone":7},"minecraft:custom":{"minecraft:interact_with_furnace":40,"minecraft:mob_kills":58,"minecraft:interact_with_crafting_table":23,"minecraft:leave_game":4,"minecraft:time_since_death":16985,"minecraft:time_since_rest":17015,"minecraft:sprint_one_cm":217785,"minecraft:damage_taken":1113,"minecraft:walk_one_cm":152307,"minecraft:damage_blocked_by_shield":135,"minecraft:drop":32,"minecraft:damage_dealt":8348,"minecraft:swim_one_cm":5984,"minecraft:fly_one_cm":354907,"minecraft:play_time":70495,"minecraft:crouch_one_cm":35119,"minecraft:sneak_time":11142,"minecraft:deaths":3,"minecraft:walk_under_water_one_cm":351,"minecraft:jump":1390,"minecraft:walk_on_water_one_cm":1447,"minecraft:total_world_time":70495,"minecraft:fall_one_cm":38045},"minecraft:killed_by":{"minecraft:zombie":1},"minecraft:broken":{"minecraft:stone_pickaxe":5,"minecraft:stone_axe":1}},"DataVersion":3953}