{"stats":{"minecraft:picked_up":{"minecraft:stick":1,"minecraft:crafting_table":1,"minecraft:leather":3,"minecraft:porkchop":3,"minecraft:oak_log":11,"minecraft:redstone":7,"minecraft:string":2,"minecraft:wheat_seeds":1,"minecraft:beef":4,"minecraft:glass_bottle":2,"minecraft:mutton":3,"minecraft:coal":15,"minecraft:white_wool":2,"minecraft:cobblestone":73},"minecraft:used":{"minecraft:oak_log":1,"minecraft:stone_sword":30,"minecraft:stone_pickaxe":85,"minecraft:wooden_pickaxe":3,"minecraft:stone_axe":6,"minecraft:mutton":2,"minecraft:cobblestone":7,"minecraft:crafting_table":1,"minecraft:porkchop":3},"minecraft:mined":{"minecraft:crafting_table":1,"minecraft:short_grass":7,"minecraft:coal_ore":15,"minecraft:oak_log":11,"minecraft:stone":73},"minecraft:crafted":{"minecraft:oak_planks":40,"minecraft:crafting_table":1,"minecraft:stick":8,"minecraft:wooden_pickaxe":1,"minecraft:stone_pickaxe":1,"minecraft:stone_sword":1,"minecraft:stone_axe":1},"minecraft:killed":{"minecraft:sheep":2,"minecraft:zombie":1,"minecraft:pig":2,"minecraft:witch":1,"minecraft:spider":1,"minecraft:cow":2},"minecraft:dropped":{"minecraft:wheat_seeds":1,"minecraft:glass_bottle":2,"minecraft:redstone":7},"minecraft:custom":{"minecraft:time_since_rest":8122,"minecraft:sprint_one_cm":47235,"minecraft:damage_taken":435,"minecraft:walk_one_cm":17118,"minecraft:mob_kills":9,"minecraft:drop":3,"minecraft:damage_dealt":1288,"minecraft:interact_with_crafting_table":4,"minecraft:swim_one_cm":1854,"minecraft:fly_one_cm":95958,"minecraft:crouch_one_cm":8465,"minecraft:play_time":11753,"minecraft:deaths":1,"minecraft:sneak_time":2056,"minecraft:walk_under_water_one_cm":122,"minecraft:jump":358,"minecraft:leave_game":1,"minecraft:walk_on_water_one_cm":403,"minecraft:time_since_death":8094,"minecraft:total_world_time":11753,"minecraft:fall_one_cm":12046}},"DataVersion":3953}