{"stats":{"minecraft:used":{"minecraft:wheat_seeds":1,"minecraft:end_rod":1,"minecraft:stone_pickaxe":11,"minecraft:redstone":5,"minecraft:poppy":1,"minecraft:wooden_pickaxe":6,"minecraft:iron_sword":2,"minecraft:iron_chestplate":1,"minecraft:pink_concrete":1,"minecraft:crafting_table":2,"minecraft:tnt":3,"minecraft:painting":1,"minecraft:wooden_axe":1,"minecraft:iron_pickaxe":1,"minecraft:iron_helmet":1,"minecraft:iron_boots":1,"minecraft:stone_axe":6,"minecraft:cobblestone":1,"minecraft:bow":47,"minecraft:porkchop":2,"minecraft:furnace":1,"minecraft:cooked_porkchop":6,"minecraft:bucket":1,"minecraft:cooked_beef":2,"minecraft:dandelion":2,"minecraft:iron_leggings":1},"minecraft:picked_up":{"minecraft:wooden_axe":1,"minecraft:crafting_table":2,"minecraft:wooden_pickaxe":1,"minecraft:dirt":2,"minecraft:bow":1,"minecraft:wheat_seeds":2,"minecraft:poppy":1,"minecraft:pink_concrete":1,"minecraft:dandelion":2,"minecraft:porkchop":9,"minecraft:cherry_log":16,"minecraft:redstone":5,"minecraft:tnt":3,"minecraft:arrow":64,"minecraft:painting":1,"minecraft:end_rod":2,"minecraft:coal":3,"minecraft:cobblestone":14},"minecraft:mined":{"minecraft:cherry_log":16,"minecraft:crafting_table":2,"minecraft:short_grass":3,"minecraft:redstone_wire":1,"minecraft:wheat":1,"minecraft:fire":1,"minecraft:pink_concrete":1,"minecraft:tnt":2,"minecraft:coal_ore":1,"minecraft:end_rod":1,"minecraft:dirt":2,"minecraft:stone":14},"minecraft:killed":{"minecraft:pig":5},"minecraft:crafted":{"minecraft:cooked_beef":13,"minecraft:cherry_planks":64,"minecraft:oak_planks":56,"minecraft:cooked_porkchop":6,"minecraft:crafting_table":1,"minecraft:wooden_pickaxe":1,"minecraft:iron_helmet":1,"minecraft:iron_sword":1,"minecraft:furnace":1,"minecraft:bucket":1,"minecraft:stone_axe":1,"minecraft:air":0,"minecraft:iron_boots":1,"minecraft:iron_chestplate":1,"minecraft:shield":1,"minecraft:iron_axe":1,"minecraft:stick":8,"minecraft:iron_pickaxe":1,"minecraft:stone_pickaxe":1,"minecraft:wooden_axe":1,"minecraft:iron_leggings":1},"minecraft:dropped":{"minecraft:wheat_seeds":1,"minecraft:coal":3,"minecraft:wooden_axe":2,"minecraft:wooden_pickaxe":2},"minecraft:custom":{"minecraft:interact_with_furnace":19,"minecraft:mob_kills":5,"minecraft:interact_with_crafting_table":15,"minecraft:time_since_death":26317,"minecraft:time_since_rest":26317,"minecraft:sprint_one_cm":83964,"minecraft:damage_taken":635,"minecraft:walk_one_cm":94817,"minecraft:drop":8,"minecraft:damage_dealt":609,"minecraft:fly_one_cm":76675,"minecraft:target_hit":5,"minecraft:open_chest":37,"minecraft:crouch_one_cm":4047,"minecraft:play_time":26317,"minecraft:sneak_time":752,"minecraft:jump":372,"minecraft:interact_with_brewingstand":1,"minecraft:interact_with_blast_furnace":1,"minecraft:walk_on_water_one_cm":379,"minecraft:total_world_time":26317,"minecraft:fall_one_cm":8924}},"DataVersion":3953}