{"stats":{"minecraft:broken":{"minecraft:wooden_shovel":1,"minecraft:iron_boots":2,"minecraft:flint_and_steel":1,"minecraft:iron_helmet":2},"minecraft:mined":{"minecraft:spruce_planks":55,"minecraft:white_bed":1,"minecraft:cherry_log":16,"minecraft:spruce_trapdoor":5,"minecraft:granite":8,"minecraft:grass_block":248,"minecraft:stone_brick_wall":6,"minecraft:tuff_bricks":1,"minecraft:cobbled_deepslate":2,"minecraft:fire":2,"minecraft:barrel":7,"minecraft:polished_tuff":1,"minecraft:pumpkin":12,"minecraft:deepslate_lapis_ore":8,"minecraft:spruce_slab":6,"minecraft:smoker":1,"minecraft:torch":3,"minecraft:blast_furnace":2,"minecraft:chest":5,"minecraft:cobblestone":5,"minecraft:sugar_cane":40,"minecraft:oak_planks":9,"minecraft:wheat":27,"minecraft:lilac":1,"minecraft:tnt":4,"minecraft:stone_brick_stairs":81,"minecraft:oak_log":112,"minecraft:sand":101,"minecraft:dirt":52,"minecraft:oak_leaves":80,"minecraft:deepslate":77,"minecraft:deepslate_diamond_ore":21,"minecraft:spruce_fence":5,"minecraft:redstone_wire":1,"minecraft:spruce_leaves":40,"minecraft:spruce_sapling":1,"minecraft:furnace":6,"minecraft:carrots":265,"minecraft:waxed_copper_grate":3,"minecraft:pink_concrete":1,"minecraft:stripped_spruce_log":1,"minecraft:potatoes":48,"minecraft:deepslate_iron_ore":8,"minecraft:lantern":3,"minecraft:stone":376,"minecraft:glass_pane":7,"minecraft:stone_brick_slab":45,"minecraft:spruce_door":2,"minecraft:dandelion":2,"minecraft:oak_fence":7,"minecraft:crafting_table":7,"minecraft:short_grass":124,"minecraft:emerald_ore":1,"minecraft:rose_bush":19,"minecraft:tall_grass":20,"minecraft:deepslate_gold_ore":14,"minecraft:diorite":9,"minecraft:spruce_stairs":26,"minecraft:waxed_oxidized_copper_grate":1,"minecraft:spruce_log":688,"minecraft:coal_ore":1,"minecraft:end_rod":2,"minecraft:gravel":2,"minecraft:stone_bricks":129},"minecraft:killed_by":{"minecraft:player":2},"minecraft:custom":{"minecraft:interact_with_crafting_table":128,"minecraft:open_barrel":45,"minecraft:leave_game":15,"minecraft:time_since_death":114133,"minecraft:sprint_one_cm":1207702,"minecraft:damage_blocked_by_shield":923,"minecraft:drop":79,"minecraft:talked_to_villager":2,"minecraft:play_time":405555,"minecraft:deaths":3,"minecraft:jump":6974,"minecraft:interact_with_brewingstand":1,"minecraft:walk_on_water_one_cm":30115,"minecraft:interact_with_furnace":217,"minecraft:sleep_in_bed":12,"minecraft:damage_dealt":24836,"minecraft:player_kills":1,"minecraft:crouch_one_cm":36268,"minecraft:interact_with_smoker":3,"minecraft:inspect_dispenser":5,"minecraft:mob_kills":139,"minecraft:climb_one_cm":34034,"minecraft:walk_one_cm":978113,"minecraft:target_hit":5,"minecraft:sneak_time":13402,"minecraft:walk_under_water_one_cm":48343,"minecraft:boat_one_cm":3875,"minecraft:interact_with_blast_furnace":2,"minecraft:total_world_time":405555,"minecraft:time_since_rest":13803,"minecraft:damage_taken":14784,"minecraft:damage_absorbed":40,"minecraft:swim_one_cm":99648,"minecraft:fly_one_cm":1563191,"minecraft:open_chest":564,"minecraft:fall_one_cm":210825},"minecraft:used":{"minecraft:spruce_slab":21,"minecraft:poppy":1,"minecraft:ladder":10,"minecraft:chest":18,"minecraft:shield":9,"minecraft:iron_sword":146,"minecraft:rotten_flesh":10,"minecraft:iron_chestplate":3,"minecraft:carrot":379,"minecraft:waxed_copper_grate":1,"minecraft:snowball":11,"minecraft:milk_bucket":1,"minecraft:lava_bucket":13,"minecraft:lantern":24,"minecraft:iron_helmet":3,"minecraft:stone_brick_stairs":195,"minecraft:stone_bricks":409,"minecraft:bow":54,"minecraft:ominous_bottle":1,"minecraft:furnace":10,"minecraft:oak_sapling":14,"minecraft:egg":7,"minecraft:potato":58,"minecraft:end_rod":194,"minecraft:spruce_door":3,"minecraft:stone_pickaxe":11,"minecraft:oak_planks":142,"minecraft:wooden_pickaxe":6,"minecraft:diamond_axe":792,"minecraft:sugar_cane":103,"minecraft:oak_leaves":40,"minecraft:golden_apple":1,"minecraft:sand":2,"minecraft:blast_furnace":2,"minecraft:crossbow":8,"minecraft:stone_brick_wall":11,"minecraft:shears":74,"minecraft:lilac":1,"minecraft:diamond_sword":246,"minecraft:oak_boat":3,"minecraft:bone_meal":36,"minecraft:oak_fence":49,"minecraft:flint_and_steel":31,"minecraft:redstone":5,"minecraft:spruce_planks":329,"minecraft:wooden_shovel":59,"minecraft:trial_key":3,"minecraft:torch":18,"minecraft:dirt":566,"minecraft:spruce_stairs":162,"minecraft:spruce_fence":43,"minecraft:granite":4,"minecraft:stone_brick_slab":65,"minecraft:wooden_axe":1,"minecraft:iron_axe":251,"minecraft:iron_boots":3,"minecraft:barrel":34,"minecraft:golden_carrot":1,"minecraft:cooked_beef":11,"minecraft:cobbled_deepslate":35,"minecraft:iron_leggings":2,"minecraft:wheat_seeds":46,"minecraft:cooked_mutton":15,"minecraft:water_bucket":88,"minecraft:baked_potato":87,"minecraft:pink_concrete":1,"minecraft:tnt":6,"minecraft:crafting_table":9,"minecraft:white_bed":3,"minecraft:painting":1,"minecraft:smoker":1,"minecraft:spruce_log":349,"minecraft:diamond_pickaxe":776,"minecraft:apple":1,"minecraft:diamond_shovel":316,"minecraft:ominous_trial_key":2,"minecraft:wind_charge":25,"minecraft:iron_pickaxe":26,"minecraft:spruce_trapdoor":9,"minecraft:spruce_sapling":41,"minecraft:stone_axe":6,"minecraft:cobblestone":13,"minecraft:potion":3,"minecraft:white_banner":1,"minecraft:cooked_porkchop":6,"minecraft:porkchop":19,"minecraft:bucket":103,"minecraft:glass_pane":159,"minecraft:dandelion":4,"minecraft:splash_potion":2},"minecraft:dropped":{"minecraft:ominous_bottle":1,"minecraft:diamond_axe":1,"minecraft:cooked_beef":1,"minecraft:baked_potato":6,"minecraft:glass_bottle":1,"minecraft:leather":1,"minecraft:dirt":572,"minecraft:cornflower":1,"minecraft:cooked_chicken":1,"minecraft:rotten_flesh":12,"minecraft:carrot":43,"minecraft:gunpowder":2,"minecraft:arrow":1,"minecraft:bread":8,"minecraft:wheat_seeds":7,"minecraft:poisonous_potato":1,"minecraft:ominous_trial_key":1,"minecraft:coal":3,"minecraft:end_rod":1129,"minecraft:wooden_axe":2,"minecraft:iron_leggings":1,"minecraft:string":5,"minecraft:bucket":1,"minecraft:stone_bricks":16,"minecraft:spider_eye":3,"minecraft:slime_ball":2,"minecraft:spruce_log":111,"minecraft:wooden_pickaxe":2},"minecraft:crafted":{"minecraft:oak_planks":724,"minecraft:smooth_stone":3,"minecraft:barrel":26,"minecraft:stone":567,"minecraft:diamond_shovel":1,"minecraft:cooked_mutton":12,"minecraft:glass":84,"minecraft:stone_brick_slab":78,"minecraft:diamond_helmet":1,"minecraft:diamond_leggings":1,"minecraft:iron_boots":2,"minecraft:chest":16,"minecraft:stone_bricks":544,"minecraft:oak_fence":48,"minecraft:oak_slab":36,"minecraft:wooden_shovel":1,"minecraft:cooked_porkchop":6,"minecraft:crafting_table":6,"minecraft:spruce_planks":1120,"minecraft:baked_potato":102,"minecraft:wooden_pickaxe":1,"minecraft:iron_helmet":2,"minecraft:spruce_door":3,"minecraft:stone_brick_stairs":116,"minecraft:spruce_trapdoor":4,"minecraft:iron_chestplate":1,"minecraft:diamond_pickaxe":1,"minecraft:shield":1,"minecraft:stick":52,"minecraft:iron_ingot":9,"minecraft:iron_pickaxe":1,"minecraft:shears":1,"minecraft:cherry_planks":64,"minecraft:stone_brick_wall":12,"minecraft:iron_nugget":63,"minecraft:furnace":5,"minecraft:bone_meal":36,"minecraft:spruce_fence":48,"minecraft:glass_pane":224,"minecraft:stone_stairs":4,"minecraft:lantern":5,"minecraft:spruce_stairs":124,"minecraft:iron_axe":1,"minecraft:ladder":12,"minecraft:spruce_slab":66,"minecraft:stone_pickaxe":1,"minecraft:diamond_boots":1,"minecraft:cooked_beef":13,"minecraft:diamond_sword":1,"minecraft:iron_sword":1,"minecraft:bucket":1,"minecraft:stone_axe":1,"minecraft:bread":8,"minecraft:air":0,"minecraft:wooden_axe":1,"minecraft:iron_leggings":1,"minecraft:white_bed":2,"minecraft:diamond_chestplate":1},"minecraft:picked_up":{"minecraft:wooden_axe":1,"minecraft:iron_chestplate":3,"minecraft:wheat":26,"minecraft:diamond_sword":1,"minecraft:lead":2,"minecraft:potion":3,"minecraft:enchanted_book":4,"minecraft:stone_brick_stairs":84,"minecraft:string":16,"minecraft:iron_leggings":5,"minecraft:cobbled_deepslate":83,"minecraft:spruce_planks":66,"minecraft:trial_key":3,"minecraft:rose_bush":19,"minecraft:iron_pickaxe":2,"minecraft:iron_boots":3,"minecraft:furnace":9,"minecraft:tipped_arrow":11,"minecraft:stick":31,"minecraft:oak_fence":8,"minecraft:torch":6,"minecraft:spruce_stairs":26,"minecraft:porkchop":28,"minecraft:cherry_log":16,"minecraft:waxed_copper_grate":3,"minecraft:diorite":147,"minecraft:rotten_flesh":66,"minecraft:end_rod":531,"minecraft:snowball":11,"minecraft:cobblestone":392,"minecraft:cooked_beef":4,"minecraft:feather":2,"minecraft:lilac":1,"minecraft:water_bucket":3,"minecraft:smoker":1,"minecraft:potato":174,"minecraft:lapis_lazuli":47,"minecraft:dirt":398,"minecraft:lantern":3,"minecraft:bone":26,"minecraft:bow":1,"minecraft:wheat_seeds":96,"minecraft:raw_gold":14,"minecraft:oak_planks":9,"minecraft:pink_concrete":1,"minecraft:poisonous_potato":1,"minecraft:sand":101,"minecraft:stripped_spruce_log":1,"minecraft:barrel":8,"minecraft:diamond":23,"minecraft:breeze_rod":15,"minecraft:granite":7,"minecraft:golden_apple":1,"minecraft:emerald":11,"minecraft:ominous_trial_key":6,"minecraft:oak_leaves":67,"minecraft:diamond_pickaxe":1,"minecraft:crafting_table":7,"minecraft:ominous_bottle":2,"minecraft:chicken":1,"minecraft:wooden_pickaxe":1,"minecraft:stone_brick_wall":6,"minecraft:shield":2,"minecraft:wind_charge":18,"minecraft:cornflower":1,"minecraft:iron_axe":2,"minecraft:beef":5,"minecraft:oak_boat":3,"minecraft:poppy":1,"minecraft:spruce_slab":6,"minecraft:sugar_cane":73,"minecraft:chest":6,"minecraft:spruce_trapdoor":5,"minecraft:egg":5,"minecraft:raw_iron":7,"minecraft:stone":1,"minecraft:spruce_fence":5,"minecraft:carrot":728,"minecraft:redstone":5,"minecraft:tnt":5,"minecraft:arrow":96,"minecraft:diamond_chestplate":1,"minecraft:flow_armor_trim_smithing_template":1,"minecraft:tuff_bricks":1,"minecraft:mutton":15,"minecraft:white_wool":10,"minecraft:golden_carrot":1,"minecraft:leather":6,"minecraft:oak_log":112,"minecraft:waxed_copper_block":2,"minecraft:gunpowder":2,"minecraft:white_banner":1,"minecraft:apple":1,"minecraft:stone_bricks":252,"minecraft:cooked_chicken":1,"minecraft:iron_sword":2,"minecraft:milk_bucket":1,"minecraft:pumpkin":12,"minecraft:stone_brick_slab":66,"minecraft:dandelion":4,"minecraft:gravel":2,"minecraft:lava_bucket":1,"minecraft:spruce_sapling":42,"minecraft:blast_furnace":2,"minecraft:white_bed":1,"minecraft:spruce_log":712,"minecraft:polished_tuff":1,"minecraft:spruce_door":2,"minecraft:spider_eye":9,"minecraft:diamond_shovel":1,"minecraft:slime_ball":4,"minecraft:iron_helmet":2,"minecraft:diamond_axe":6,"minecraft:painting":1,"minecraft:baked_potato":27,"minecraft:coal":3},"minecraft:killed":{"minecraft:cave_spider":17,"minecraft:spider":1,"minecraft:skeleton":26,"minecraft:chicken":1,"minecraft:pig":14,"minecraft:creeper":2,"minecraft:sheep":10,"minecraft:trader_llama":2,"minecraft:pillager":2,"minecraft:zombie":21,"minecraft:horse":2,"minecraft:husk":28,"minecraft:wandering_trader":1,"minecraft:breeze":11}},"DataVersion":3953}