{"stats":{"minecraft:broken":{"minecraft:wooden_shovel":1,"minecraft:iron_boots":2,"minecraft:crossbow":1,"minecraft:flint_and_steel":1,"minecraft:iron_helmet":2},"minecraft:mined":{"minecraft:spruce_planks":56,"minecraft:white_bed":1,"minecraft:cherry_log":16,"minecraft:spruce_trapdoor":5,"minecraft:granite":8,"minecraft:chiseled_polished_blackstone":2,"minecraft:grass_block":248,"minecraft:stone_brick_wall":6,"minecraft:cracked_polished_blackstone_bricks":29,"minecraft:soul_soil":1,"minecraft:tuff_bricks":1,"minecraft:polished_blackstone_bricks":22,"minecraft:cobbled_deepslate":2,"minecraft:fire":3,"minecraft:barrel":7,"minecraft:polished_tuff":1,"minecraft:pumpkin":12,"minecraft:deepslate_lapis_ore":8,"minecraft:spruce_slab":6,"minecraft:blackstone":73,"minecraft:smoker":1,"minecraft:torch":3,"minecraft:blast_furnace":2,"minecraft:chest":5,"minecraft:nether_quartz_ore":32,"minecraft:cobblestone":5,"minecraft:sugar_cane":137,"minecraft:oak_planks":9,"minecraft:wheat":27,"minecraft:lilac":1,"minecraft:tnt":4,"minecraft:stone_brick_stairs":81,"minecraft:oak_log":112,"minecraft:waxed_oxidized_copper":2,"minecraft:sand":101,"minecraft:dirt":55,"minecraft:netherrack":72,"minecraft:oak_leaves":80,"minecraft:deepslate":77,"minecraft:nether_gold_ore":5,"minecraft:deepslate_diamond_ore":21,"minecraft:crafter":1,"minecraft:lever":1,"minecraft:spruce_fence":5,"minecraft:redstone_wire":1,"minecraft:spruce_leaves":40,"minecraft:spruce_sapling":1,"minecraft:furnace":6,"minecraft:carrots":265,"minecraft:waxed_copper_grate":3,"minecraft:pink_concrete":1,"minecraft:stripped_spruce_log":1,"minecraft:gold_block":22,"minecraft:bookshelf":1,"minecraft:potatoes":63,"minecraft:deepslate_iron_ore":8,"minecraft:lantern":3,"minecraft:stone":382,"minecraft:glass_pane":7,"minecraft:basalt":3,"minecraft:stone_brick_slab":45,"minecraft:spruce_door":2,"minecraft:dandelion":2,"minecraft:oak_fence":7,"minecraft:crafting_table":7,"minecraft:short_grass":126,"minecraft:emerald_ore":1,"minecraft:rose_bush":19,"minecraft:tall_grass":20,"minecraft:deepslate_gold_ore":14,"minecraft:polished_blackstone_brick_stairs":4,"minecraft:diorite":9,"minecraft:spruce_stairs":26,"minecraft:waxed_oxidized_copper_grate":1,"minecraft:spruce_log":688,"minecraft:coal_ore":1,"minecraft:end_rod":2,"minecraft:gravel":2,"minecraft:stone_bricks":129},"minecraft:killed_by":{"minecraft:player":2},"minecraft:custom":{"minecraft:interact_with_crafting_table":148,"minecraft:open_barrel":109,"minecraft:leave_game":19,"minecraft:time_since_death":198839,"minecraft:sprint_one_cm":1490914,"minecraft:damage_blocked_by_shield":923,"minecraft:drop":98,"minecraft:talked_to_villager":2,"minecraft:play_time":490261,"minecraft:deaths":3,"minecraft:jump":8641,"minecraft:interact_with_brewingstand":1,"minecraft:walk_on_water_one_cm":43501,"minecraft:interact_with_furnace":218,"minecraft:sleep_in_bed":14,"minecraft:damage_dealt":41249,"minecraft:player_kills":1,"minecraft:crouch_one_cm":39048,"minecraft:interact_with_smoker":3,"minecraft:inspect_dispenser":5,"minecraft:mob_kills":221,"minecraft:interact_with_anvil":5,"minecraft:climb_one_cm":48240,"minecraft:walk_one_cm":1138710,"minecraft:target_hit":5,"minecraft:raid_win":1,"minecraft:sneak_time":14672,"minecraft:walk_under_water_one_cm":56542,"minecraft:boat_one_cm":3875,"minecraft:interact_with_blast_furnace":2,"minecraft:total_world_time":490261,"minecraft:raid_trigger":1,"minecraft:time_since_rest":44060,"minecraft:damage_taken":17246,"minecraft:damage_absorbed":40,"minecraft:swim_one_cm":121846,"minecraft:fly_one_cm":1856183,"minecraft:open_chest":755,"minecraft:fall_one_cm":262717},"minecraft:used":{"minecraft:spruce_slab":21,"minecraft:ladder":10,"minecraft:poppy":1,"minecraft:chest":18,"minecraft:shield":10,"minecraft:iron_sword":146,"minecraft:rotten_flesh":10,"minecraft:iron_chestplate":3,"minecraft:crafter":2,"minecraft:carrot":379,"minecraft:waxed_copper_grate":1,"minecraft:snowball":11,"minecraft:milk_bucket":1,"minecraft:waxed_oxidized_copper":2,"minecraft:lava_bucket":19,"minecraft:lantern":24,"minecraft:iron_helmet":3,"minecraft:stone_brick_stairs":195,"minecraft:stone_bricks":409,"minecraft:bow":54,"minecraft:ominous_bottle":2,"minecraft:oak_sapling":14,"minecraft:furnace":10,"minecraft:egg":8,"minecraft:potato":73,"minecraft:chiseled_polished_blackstone":1,"minecraft:end_rod":194,"minecraft:spruce_door":3,"minecraft:stone_pickaxe":11,"minecraft:oak_planks":142,"minecraft:blackstone":37,"minecraft:wooden_pickaxe":6,"minecraft:sugar_cane":112,"minecraft:diamond_axe":794,"minecraft:oak_leaves":40,"minecraft:golden_apple":1,"minecraft:sand":2,"minecraft:blast_furnace":2,"minecraft:crossbow":16,"minecraft:stone_brick_wall":11,"minecraft:shears":74,"minecraft:lever":1,"minecraft:bread":17,"minecraft:lilac":1,"minecraft:diamond_sword":489,"minecraft:oak_boat":3,"minecraft:air":1,"minecraft:bone_meal":36,"minecraft:oak_fence":49,"minecraft:enchanting_table":1,"minecraft:flint_and_steel":31,"minecraft:redstone":5,"minecraft:spruce_planks":330,"minecraft:wooden_shovel":59,"minecraft:trial_key":5,"minecraft:netherrack":50,"minecraft:torch":18,"minecraft:dirt":567,"minecraft:anvil":1,"minecraft:spruce_stairs":162,"minecraft:granite":4,"minecraft:spruce_fence":43,"minecraft:stone_brick_slab":65,"minecraft:wooden_axe":1,"minecraft:bookshelf":5,"minecraft:iron_axe":251,"minecraft:polished_blackstone_brick_stairs":4,"minecraft:iron_boots":3,"minecraft:barrel":34,"minecraft:basalt":2,"minecraft:golden_carrot":1,"minecraft:soul_soil":1,"minecraft:cooked_beef":11,"minecraft:cobbled_deepslate":35,"minecraft:iron_leggings":2,"minecraft:wheat_seeds":46,"minecraft:cooked_mutton":15,"minecraft:water_bucket":106,"minecraft:baked_potato":132,"minecraft:polished_blackstone_bricks":18,"minecraft:gilded_blackstone":3,"minecraft:pink_concrete":1,"minecraft:tnt":6,"minecraft:crafting_table":9,"minecraft:white_bed":3,"minecraft:painting":1,"minecraft:spruce_log":349,"minecraft:smoker":1,"minecraft:diamond_pickaxe":1051,"minecraft:apple":1,"minecraft:ominous_trial_key":3,"minecraft:diamond_shovel":318,"minecraft:wind_charge":25,"minecraft:cracked_polished_blackstone_bricks":23,"minecraft:iron_pickaxe":26,"minecraft:spruce_trapdoor":9,"minecraft:spruce_sapling":41,"minecraft:stone_axe":6,"minecraft:cobblestone":13,"minecraft:potion":7,"minecraft:porkchop":19,"minecraft:white_banner":3,"minecraft:cooked_porkchop":6,"minecraft:bucket":127,"minecraft:glass_pane":159,"minecraft:dandelion":4,"minecraft:splash_potion":5},"minecraft:crafted":{"minecraft:oak_planks":728,"minecraft:smooth_stone":3,"minecraft:barrel":26,"minecraft:stone":567,"minecraft:lever":1,"minecraft:diamond_shovel":1,"minecraft:bookshelf":5,"minecraft:cooked_mutton":12,"minecraft:glass":84,"minecraft:stone_brick_slab":78,"minecraft:diamond_helmet":1,"minecraft:diamond_leggings":1,"minecraft:iron_boots":2,"minecraft:chest":16,"minecraft:stone_bricks":544,"minecraft:oak_fence":48,"minecraft:dropper":1,"minecraft:oak_slab":36,"minecraft:wooden_shovel":1,"minecraft:cooked_porkchop":6,"minecraft:crafting_table":7,"minecraft:spruce_planks":1120,"minecraft:iron_helmet":2,"minecraft:wooden_pickaxe":1,"minecraft:baked_potato":102,"minecraft:spruce_door":3,"minecraft:stone_brick_stairs":116,"minecraft:spruce_trapdoor":4,"minecraft:iron_chestplate":1,"minecraft:book":15,"minecraft:paper":99,"minecraft:diamond_pickaxe":1,"minecraft:shield":2,"minecraft:crafter":1,"minecraft:stick":52,"minecraft:iron_pickaxe":1,"minecraft:iron_ingot":9,"minecraft:iron_block":2,"minecraft:gold_ingot":27,"minecraft:shears":1,"minecraft:cherry_planks":64,"minecraft:stone_brick_wall":12,"minecraft:iron_nugget":63,"minecraft:furnace":5,"minecraft:bone_meal":36,"minecraft:spruce_fence":48,"minecraft:glass_pane":224,"minecraft:stone_stairs":4,"minecraft:lantern":5,"minecraft:diamond":9,"minecraft:spruce_stairs":124,"minecraft:iron_axe":1,"minecraft:ladder":12,"minecraft:spruce_slab":66,"minecraft:stone_pickaxe":1,"minecraft:diamond_boots":1,"minecraft:cooked_beef":13,"minecraft:diamond_sword":1,"minecraft:enchanting_table":1,"minecraft:iron_sword":1,"minecraft:bucket":1,"minecraft:stone_axe":1,"minecraft:bread":8,"minecraft:air":0,"minecraft:gold_nugget":243,"minecraft:wooden_axe":1,"minecraft:iron_leggings":1,"minecraft:anvil":1,"minecraft:white_bed":2,"minecraft:diamond_chestplate":2},"minecraft:dropped":{"minecraft:iron_sword":1,"minecraft:ominous_bottle":1,"minecraft:diamond_axe":2,"minecraft:cooked_beef":1,"minecraft:baked_potato":6,"minecraft:glass_bottle":4,"minecraft:crossbow":1,"minecraft:leather":1,"minecraft:gold_block":23,"minecraft:dirt":572,"minecraft:cornflower":1,"minecraft:chain":6,"minecraft:polished_blackstone_bricks":2,"minecraft:sugar_cane":1,"minecraft:cooked_chicken":1,"minecraft:wheat":2,"minecraft:rotten_flesh":12,"minecraft:carrot":43,"minecraft:tipped_arrow":2,"minecraft:gunpowder":2,"minecraft:arrow":104,"minecraft:golden_boots":1,"minecraft:bread":8,"minecraft:wheat_seeds":10,"minecraft:poisonous_potato":1,"minecraft:ominous_trial_key":1,"minecraft:coal":3,"minecraft:end_rod":1129,"minecraft:wooden_axe":2,"minecraft:iron_leggings":1,"minecraft:string":5,"minecraft:bucket":1,"minecraft:spider_eye":3,"minecraft:stone_bricks":16,"minecraft:spruce_log":111,"minecraft:slime_ball":2,"minecraft:wooden_pickaxe":2},"minecraft:picked_up":{"minecraft:wooden_axe":1,"minecraft:iron_chestplate":4,"minecraft:wheat":28,"minecraft:lead":2,"minecraft:diamond_sword":1,"minecraft:potion":3,"minecraft:enchanted_book":4,"minecraft:stone_brick_stairs":84,"minecraft:polished_blackstone_brick_stairs":4,"minecraft:string":29,"minecraft:soul_soil":1,"minecraft:iron_leggings":5,"minecraft:gold_nugget":24,"minecraft:cobbled_deepslate":83,"minecraft:spruce_planks":67,"minecraft:trial_key":5,"minecraft:rose_bush":19,"minecraft:iron_pickaxe":2,"minecraft:iron_boots":3,"minecraft:furnace":9,"minecraft:tipped_arrow":11,"minecraft:stick":31,"minecraft:oak_fence":8,"minecraft:torch":6,"minecraft:spruce_stairs":26,"minecraft:porkchop":28,"minecraft:cherry_log":16,"minecraft:waxed_copper_grate":3,"minecraft:diorite":147,"minecraft:honey_bottle":2,"minecraft:rotten_flesh":73,"minecraft:end_rod":531,"minecraft:snowball":11,"minecraft:cobblestone":398,"minecraft:cooked_beef":5,"minecraft:feather":2,"minecraft:lilac":1,"minecraft:water_bucket":3,"minecraft:smoker":1,"minecraft:potato":204,"minecraft:lapis_lazuli":47,"minecraft:dirt":399,"minecraft:lantern":3,"minecraft:bone":35,"minecraft:bow":1,"minecraft:wheat_seeds":99,"minecraft:raw_gold":14,"minecraft:oak_planks":9,"minecraft:pink_concrete":1,"minecraft:chiseled_polished_blackstone":2,"minecraft:poisonous_potato":1,"minecraft:sand":101,"minecraft:stripped_spruce_log":1,"minecraft:barrel":8,"minecraft:diamond":23,"minecraft:lever":1,"minecraft:cracked_polished_blackstone_bricks":27,"minecraft:granite":7,"minecraft:crossbow":3,"minecraft:breeze_rod":23,"minecraft:golden_apple":2,"minecraft:emerald":19,"minecraft:netherrack":64,"minecraft:ominous_trial_key":8,"minecraft:oak_leaves":67,"minecraft:diamond_pickaxe":1,"minecraft:crafting_table":7,"minecraft:ominous_bottle":4,"minecraft:chicken":1,"minecraft:wooden_pickaxe":1,"minecraft:stone_brick_wall":6,"minecraft:gold_block":25,"minecraft:shield":3,"minecraft:wind_charge":20,"minecraft:cornflower":1,"minecraft:iron_axe":2,"minecraft:blackstone":69,"minecraft:beef":5,"minecraft:oak_boat":3,"minecraft:poppy":1,"minecraft:spruce_slab":6,"minecraft:sugar_cane":184,"minecraft:chest":6,"minecraft:spruce_trapdoor":5,"minecraft:waxed_oxidized_copper":2,"minecraft:egg":6,"minecraft:raw_iron":7,"minecraft:stone":1,"minecraft:spruce_fence":5,"minecraft:polished_blackstone_bricks":20,"minecraft:carrot":729,"minecraft:redstone":5,"minecraft:tnt":5,"minecraft:arrow":210,"minecraft:diamond_chestplate":1,"minecraft:saddle":2,"minecraft:flow_armor_trim_smithing_template":1,"minecraft:tuff_bricks":1,"minecraft:mutton":15,"minecraft:white_wool":10,"minecraft:basalt":3,"minecraft:golden_carrot":1,"minecraft:leather":8,"minecraft:crafter":1,"minecraft:oak_log":112,"minecraft:waxed_copper_block":2,"minecraft:gunpowder":2,"minecraft:white_banner":4,"minecraft:apple":1,"minecraft:stone_bricks":252,"minecraft:iron_ingot":3,"minecraft:cooked_chicken":1,"minecraft:glass_bottle":3,"minecraft:iron_sword":2,"minecraft:book":3,"minecraft:milk_bucket":1,"minecraft:pumpkin":12,"minecraft:stone_brick_slab":66,"minecraft:quartz":76,"minecraft:dandelion":4,"minecraft:gravel":2,"minecraft:lava_bucket":1,"minecraft:spruce_sapling":42,"minecraft:blast_furnace":2,"minecraft:white_bed":1,"minecraft:spruce_log":712,"minecraft:spruce_door":2,"minecraft:polished_tuff":1,"minecraft:spider_eye":14,"minecraft:diamond_shovel":1,"minecraft:slime_ball":4,"minecraft:iron_helmet":2,"minecraft:diamond_axe":7,"minecraft:painting":1,"minecraft:baked_potato":31,"minecraft:coal":3},"minecraft:killed":{"minecraft:cave_spider":33,"minecraft:spider":1,"minecraft:skeleton":38,"minecraft:chicken":1,"minecraft:piglin_brute":4,"minecraft:piglin":6,"minecraft:pig":14,"minecraft:creeper":2,"minecraft:sheep":10,"minecraft:trader_llama":2,"minecraft:pillager":16,"minecraft:zombie":25,"minecraft:vindicator":3,"minecraft:horse":3,"minecraft:drowned":1,"minecraft:husk":34,"minecraft:wandering_trader":1,"minecraft:ravager":2,"minecraft:breeze":17}},"DataVersion":3953}