{"stats":{"minecraft:broken":{"minecraft:wooden_shovel":1,"minecraft:iron_boots":1,"minecraft:iron_helmet":2},"minecraft:mined":{"minecraft:spruce_planks":22,"minecraft:cherry_log":16,"minecraft:spruce_trapdoor":5,"minecraft:granite":8,"minecraft:spruce_fence":4,"minecraft:stone_brick_wall":6,"minecraft:grass_block":200,"minecraft:redstone_wire":1,"minecraft:spruce_leaves":40,"minecraft:tuff_bricks":1,"minecraft:carrots":165,"minecraft:spruce_sapling":1,"minecraft:furnace":2,"minecraft:waxed_copper_grate":2,"minecraft:barrel":7,"minecraft:fire":1,"minecraft:polished_tuff":1,"minecraft:pink_concrete":1,"minecraft:stripped_spruce_log":1,"minecraft:pumpkin":12,"minecraft:potatoes":30,"minecraft:deepslate_iron_ore":8,"minecraft:lantern":2,"minecraft:stone":376,"minecraft:spruce_slab":3,"minecraft:glass_pane":2,"minecraft:stone_brick_slab":10,"minecraft:spruce_door":2,"minecraft:oak_fence":7,"minecraft:crafting_table":3,"minecraft:torch":3,"minecraft:blast_furnace":1,"minecraft:short_grass":114,"minecraft:emerald_ore":1,"minecraft:chest":1,"minecraft:rose_bush":19,"minecraft:tall_grass":20,"minecraft:cobblestone":5,"minecraft:sugar_cane":5,"minecraft:oak_planks":9,"minecraft:diorite":9,"minecraft:spruce_stairs":9,"minecraft:waxed_oxidized_copper_grate":1,"minecraft:wheat":25,"minecraft:lilac":1,"minecraft:spruce_log":592,"minecraft:tnt":2,"minecraft:stone_brick_stairs":71,"minecraft:oak_log":112,"minecraft:coal_ore":1,"minecraft:end_rod":2,"minecraft:sand":100,"minecraft:gravel":2,"minecraft:dirt":41,"minecraft:stone_bricks":104,"minecraft:oak_leaves":80,"minecraft:deepslate":14},"minecraft:killed_by":{"minecraft:player":2},"minecraft:custom":{"minecraft:mob_kills":86,"minecraft:interact_with_crafting_table":108,"minecraft:open_barrel":8,"minecraft:leave_game":12,"minecraft:time_since_death":11371,"minecraft:climb_one_cm":10251,"minecraft:sprint_one_cm":915396,"minecraft:walk_one_cm":724493,"minecraft:damage_blocked_by_shield":385,"minecraft:drop":70,"minecraft:talked_to_villager":1,"minecraft:target_hit":5,"minecraft:play_time":302793,"minecraft:deaths":3,"minecraft:sneak_time":8883,"minecraft:walk_under_water_one_cm":28778,"minecraft:jump":5318,"minecraft:interact_with_brewingstand":1,"minecraft:interact_with_blast_furnace":1,"minecraft:walk_on_water_one_cm":17040,"minecraft:total_world_time":302793,"minecraft:interact_with_furnace":207,"minecraft:sleep_in_bed":6,"minecraft:time_since_rest":11396,"minecraft:damage_taken":12621,"minecraft:damage_absorbed":40,"minecraft:damage_dealt":15327,"minecraft:player_kills":1,"minecraft:swim_one_cm":93149,"minecraft:fly_one_cm":1243892,"minecraft:open_chest":395,"minecraft:crouch_one_cm":23962,"minecraft:fall_one_cm":161882,"minecraft:inspect_dispenser":5},"minecraft:used":{"minecraft:oak_fence":49,"minecraft:spruce_slab":19,"minecraft:redstone":5,"minecraft:ladder":5,"minecraft:poppy":1,"minecraft:spruce_planks":266,"minecraft:chest":18,"minecraft:shield":6,"minecraft:iron_sword":146,"minecraft:wooden_shovel":59,"minecraft:rotten_flesh":10,"minecraft:trial_key":3,"minecraft:iron_chestplate":3,"minecraft:torch":18,"minecraft:dirt":496,"minecraft:spruce_stairs":11,"minecraft:carrot":239,"minecraft:spruce_fence":42,"minecraft:snowball":11,"minecraft:granite":4,"minecraft:milk_bucket":1,"minecraft:stone_brick_slab":21,"minecraft:wooden_axe":1,"minecraft:lava_bucket":4,"minecraft:lantern":8,"minecraft:iron_axe":251,"minecraft:iron_boots":2,"minecraft:iron_helmet":2,"minecraft:stone_brick_stairs":169,"minecraft:barrel":34,"minecraft:stone_bricks":380,"minecraft:golden_carrot":1,"minecraft:bow":54,"minecraft:furnace":6,"minecraft:egg":7,"minecraft:potato":43,"minecraft:cooked_beef":11,"minecraft:cobbled_deepslate":3,"minecraft:iron_leggings":2,"minecraft:wheat_seeds":41,"minecraft:cooked_mutton":15,"minecraft:water_bucket":52,"minecraft:end_rod":194,"minecraft:spruce_door":3,"minecraft:stone_pickaxe":11,"minecraft:baked_potato":61,"minecraft:oak_planks":142,"minecraft:wooden_pickaxe":6,"minecraft:diamond_axe":633,"minecraft:oak_leaves":40,"minecraft:pink_concrete":1,"minecraft:golden_apple":1,"minecraft:sand":1,"minecraft:tnt":3,"minecraft:crafting_table":6,"minecraft:blast_furnace":1,"minecraft:white_bed":1,"minecraft:painting":1,"minecraft:stone_brick_wall":11,"minecraft:shears":74,"minecraft:spruce_log":345,"minecraft:ominous_trial_key":1,"minecraft:diamond_pickaxe":588,"minecraft:apple":1,"minecraft:diamond_shovel":240,"minecraft:wind_charge":4,"minecraft:iron_pickaxe":26,"minecraft:spruce_trapdoor":9,"minecraft:spruce_sapling":41,"minecraft:lilac":1,"minecraft:stone_axe":6,"minecraft:diamond_sword":110,"minecraft:cobblestone":13,"minecraft:porkchop":19,"minecraft:cooked_porkchop":6,"minecraft:bucket":58,"minecraft:glass_pane":96,"minecraft:dandelion":2,"minecraft:splash_potion":1,"minecraft:bone_meal":36},"minecraft:dropped":{"minecraft:bread":8,"minecraft:diamond_axe":1,"minecraft:wheat_seeds":5,"minecraft:ominous_bottle":1,"minecraft:cooked_beef":1,"minecraft:baked_potato":6,"minecraft:leather":1,"minecraft:coal":3,"minecraft:end_rod":1129,"minecraft:dirt":566,"minecraft:cornflower":1,"minecraft:wooden_axe":2,"minecraft:iron_leggings":1,"minecraft:string":5,"minecraft:bucket":1,"minecraft:cooked_chicken":1,"minecraft:rotten_flesh":12,"minecraft:carrot":41,"minecraft:stone_bricks":16,"minecraft:spider_eye":3,"minecraft:slime_ball":2,"minecraft:spruce_log":111,"minecraft:arrow":1,"minecraft:wooden_pickaxe":2},"minecraft:crafted":{"minecraft:cherry_planks":64,"minecraft:smooth_stone":3,"minecraft:oak_planks":724,"minecraft:barrel":26,"minecraft:stone_brick_wall":12,"minecraft:iron_nugget":18,"minecraft:furnace":5,"minecraft:stone":554,"minecraft:bone_meal":36,"minecraft:diamond_shovel":1,"minecraft:spruce_fence":48,"minecraft:stone_stairs":4,"minecraft:glass_pane":112,"minecraft:cooked_mutton":12,"minecraft:glass":84,"minecraft:stone_brick_slab":30,"minecraft:spruce_stairs":8,"minecraft:iron_boots":1,"minecraft:ladder":6,"minecraft:spruce_slab":36,"minecraft:iron_axe":1,"minecraft:stone_pickaxe":1,"minecraft:chest":16,"minecraft:stone_bricks":544,"minecraft:oak_fence":48,"minecraft:cooked_beef":13,"minecraft:oak_slab":36,"minecraft:wooden_shovel":1,"minecraft:diamond_sword":1,"minecraft:cooked_porkchop":6,"minecraft:crafting_table":4,"minecraft:spruce_planks":656,"minecraft:iron_helmet":1,"minecraft:wooden_pickaxe":1,"minecraft:baked_potato":49,"minecraft:iron_sword":1,"minecraft:spruce_door":3,"minecraft:bucket":1,"minecraft:stone_axe":1,"minecraft:bread":8,"minecraft:air":0,"minecraft:stone_brick_stairs":108,"minecraft:spruce_trapdoor":4,"minecraft:iron_chestplate":1,"minecraft:diamond_pickaxe":1,"minecraft:shield":1,"minecraft:stick":52,"minecraft:iron_pickaxe":1,"minecraft:wooden_axe":1,"minecraft:iron_leggings":1,"minecraft:white_bed":1,"minecraft:shears":1,"minecraft:diamond_chestplate":1},"minecraft:picked_up":{"minecraft:wooden_axe":1,"minecraft:iron_chestplate":3,"minecraft:crafting_table":3,"minecraft:wheat":24,"minecraft:ominous_bottle":2,"minecraft:chicken":1,"minecraft:diamond_sword":1,"minecraft:lead":2,"minecraft:wooden_pickaxe":1,"minecraft:stone_brick_wall":6,"minecraft:potion":1,"minecraft:enchanted_book":2,"minecraft:stone_brick_stairs":74,"minecraft:shield":2,"minecraft:wind_charge":8,"minecraft:cornflower":1,"minecraft:string":5,"minecraft:iron_axe":2,"minecraft:iron_leggings":5,"minecraft:cobbled_deepslate":18,"minecraft:spruce_planks":23,"minecraft:beef":5,"minecraft:trial_key":3,"minecraft:chest":2,"minecraft:rose_bush":19,"minecraft:spruce_slab":3,"minecraft:poppy":1,"minecraft:iron_pickaxe":2,"minecraft:sugar_cane":15,"minecraft:spruce_trapdoor":5,"minecraft:furnace":5,"minecraft:iron_boots":3,"minecraft:egg":5,"minecraft:tipped_arrow":11,"minecraft:stick":31,"minecraft:raw_iron":7,"minecraft:oak_fence":8,"minecraft:torch":6,"minecraft:spruce_fence":4,"minecraft:spruce_stairs":9,"minecraft:porkchop":28,"minecraft:cherry_log":16,"minecraft:waxed_copper_grate":2,"minecraft:diorite":147,"minecraft:carrot":423,"minecraft:redstone":5,"minecraft:tnt":3,"minecraft:diamond_chestplate":1,"minecraft:arrow":93,"minecraft:rotten_flesh":37,"minecraft:end_rod":531,"minecraft:flow_armor_trim_smithing_template":1,"minecraft:tuff_bricks":1,"minecraft:mutton":15,"minecraft:snowball":11,"minecraft:white_wool":10,"minecraft:cobblestone":388,"minecraft:cooked_beef":2,"minecraft:feather":2,"minecraft:lilac":1,"minecraft:golden_carrot":1,"minecraft:water_bucket":3,"minecraft:leather":6,"minecraft:potato":104,"minecraft:oak_log":112,"minecraft:waxed_copper_block":2,"minecraft:dirt":330,"minecraft:lantern":2,"minecraft:white_banner":1,"minecraft:bone":21,"minecraft:apple":1,"minecraft:stone_bricks":229,"minecraft:bow":1,"minecraft:wheat_seeds":89,"minecraft:cooked_chicken":1,"minecraft:iron_sword":2,"minecraft:oak_planks":9,"minecraft:pink_concrete":1,"minecraft:milk_bucket":1,"minecraft:pumpkin":12,"minecraft:stone_brick_slab":31,"minecraft:dandelion":2,"minecraft:gravel":2,"minecraft:lava_bucket":1,"minecraft:sand":100,"minecraft:stripped_spruce_log":1,"minecraft:spruce_sapling":42,"minecraft:blast_furnace":1,"minecraft:spruce_log":616,"minecraft:barrel":8,"minecraft:spruce_door":2,"minecraft:spider_eye":6,"minecraft:polished_tuff":1,"minecraft:diamond_shovel":1,"minecraft:slime_ball":4,"minecraft:diamond":2,"minecraft:iron_helmet":2,"minecraft:granite":7,"minecraft:breeze_rod":8,"minecraft:diamond_axe":5,"minecraft:painting":1,"minecraft:golden_apple":1,"minecraft:emerald":2,"minecraft:baked_potato":18,"minecraft:ominous_trial_key":3,"minecraft:coal":3,"minecraft:oak_leaves":67,"minecraft:diamond_pickaxe":1},"minecraft:killed":{"minecraft:cave_spider":3,"minecraft:spider":1,"minecraft:skeleton":18,"minecraft:horse":2,"minecraft:chicken":1,"minecraft:husk":5,"minecraft:pig":14,"minecraft:wandering_trader":1,"minecraft:creeper":1,"minecraft:sheep":10,"minecraft:trader_llama":2,"minecraft:pillager":2,"minecraft:zombie":20,"minecraft:breeze":6}},"DataVersion":3953}