{"stats":{"minecraft:broken":{"minecraft:wooden_shovel":1,"minecraft:iron_boots":1,"minecraft:iron_helmet":1},"minecraft:mined":{"minecraft:cherry_log":16,"minecraft:spruce_trapdoor":5,"minecraft:granite":8,"minecraft:stone_brick_wall":6,"minecraft:grass_block":199,"minecraft:redstone_wire":1,"minecraft:spruce_leaves":40,"minecraft:tuff_bricks":1,"minecraft:carrots":152,"minecraft:spruce_sapling":1,"minecraft:furnace":2,"minecraft:waxed_copper_grate":2,"minecraft:barrel":5,"minecraft:fire":1,"minecraft:polished_tuff":1,"minecraft:pink_concrete":1,"minecraft:stripped_spruce_log":1,"minecraft:pumpkin":12,"minecraft:potatoes":30,"minecraft:deepslate_iron_ore":8,"minecraft:stone":56,"minecraft:spruce_door":2,"minecraft:oak_fence":7,"minecraft:crafting_table":2,"minecraft:torch":3,"minecraft:short_grass":114,"minecraft:emerald_ore":1,"minecraft:rose_bush":19,"minecraft:tall_grass":20,"minecraft:cobblestone":1,"minecraft:sugar_cane":5,"minecraft:oak_planks":9,"minecraft:diorite":9,"minecraft:spruce_stairs":9,"minecraft:waxed_oxidized_copper_grate":1,"minecraft:wheat":25,"minecraft:lilac":1,"minecraft:spruce_log":349,"minecraft:tnt":2,"minecraft:stone_brick_stairs":10,"minecraft:oak_log":112,"minecraft:coal_ore":1,"minecraft:end_rod":2,"minecraft:gravel":2,"minecraft:dirt":39,"minecraft:stone_bricks":61,"minecraft:oak_leaves":80,"minecraft:deepslate":14},"minecraft:killed_by":{"minecraft:player":1},"minecraft:custom":{"minecraft:mob_kills":80,"minecraft:interact_with_crafting_table":60,"minecraft:open_barrel":8,"minecraft:leave_game":12,"minecraft:time_since_death":154425,"minecraft:climb_one_cm":868,"minecraft:sprint_one_cm":677848,"minecraft:walk_one_cm":479836,"minecraft:damage_blocked_by_shield":385,"minecraft:drop":63,"minecraft:target_hit":5,"minecraft:play_time":206793,"minecraft:deaths":2,"minecraft:sneak_time":3589,"minecraft:walk_under_water_one_cm":25248,"minecraft:jump":3997,"minecraft:interact_with_brewingstand":1,"minecraft:interact_with_blast_furnace":1,"minecraft:walk_on_water_one_cm":14436,"minecraft:total_world_time":206793,"minecraft:interact_with_furnace":84,"minecraft:sleep_in_bed":2,"minecraft:time_since_rest":40,"minecraft:damage_taken":10896,"minecraft:damage_absorbed":40,"minecraft:damage_dealt":13260,"minecraft:swim_one_cm":87744,"minecraft:fly_one_cm":978009,"minecraft:open_chest":294,"minecraft:crouch_one_cm":11035,"minecraft:fall_one_cm":116851,"minecraft:inspect_dispenser":5},"minecraft:used":{"minecraft:oak_fence":37,"minecraft:redstone":5,"minecraft:poppy":1,"minecraft:chest":4,"minecraft:shield":6,"minecraft:iron_sword":146,"minecraft:wooden_shovel":59,"minecraft:rotten_flesh":10,"minecraft:trial_key":3,"minecraft:iron_chestplate":3,"minecraft:torch":18,"minecraft:dirt":493,"minecraft:spruce_stairs":11,"minecraft:carrot":190,"minecraft:snowball":11,"minecraft:granite":4,"minecraft:milk_bucket":1,"minecraft:wooden_axe":1,"minecraft:lantern":2,"minecraft:iron_axe":251,"minecraft:iron_boots":2,"minecraft:iron_helmet":2,"minecraft:stone_brick_stairs":37,"minecraft:barrel":19,"minecraft:stone_bricks":223,"minecraft:golden_carrot":1,"minecraft:bow":54,"minecraft:furnace":6,"minecraft:egg":7,"minecraft:potato":43,"minecraft:cooked_beef":11,"minecraft:iron_leggings":2,"minecraft:wheat_seeds":41,"minecraft:cooked_mutton":15,"minecraft:water_bucket":33,"minecraft:end_rod":194,"minecraft:spruce_door":3,"minecraft:stone_pickaxe":11,"minecraft:baked_potato":21,"minecraft:oak_planks":142,"minecraft:wooden_pickaxe":6,"minecraft:diamond_axe":357,"minecraft:oak_leaves":40,"minecraft:pink_concrete":1,"minecraft:golden_apple":1,"minecraft:tnt":3,"minecraft:crafting_table":3,"minecraft:white_bed":1,"minecraft:painting":1,"minecraft:stone_brick_wall":11,"minecraft:shears":74,"minecraft:spruce_log":244,"minecraft:ominous_trial_key":1,"minecraft:diamond_pickaxe":146,"minecraft:apple":1,"minecraft:diamond_shovel":138,"minecraft:wind_charge":1,"minecraft:iron_pickaxe":26,"minecraft:spruce_trapdoor":9,"minecraft:spruce_sapling":33,"minecraft:lilac":1,"minecraft:stone_axe":6,"minecraft:diamond_sword":65,"minecraft:cobblestone":9,"minecraft:porkchop":19,"minecraft:cooked_porkchop":6,"minecraft:bucket":34,"minecraft:dandelion":2,"minecraft:splash_potion":1,"minecraft:bone_meal":36},"minecraft:dropped":{"minecraft:bread":8,"minecraft:wheat_seeds":5,"minecraft:ominous_bottle":1,"minecraft:cooked_beef":1,"minecraft:baked_potato":6,"minecraft:coal":3,"minecraft:end_rod":1129,"minecraft:dirt":566,"minecraft:cornflower":1,"minecraft:wooden_axe":2,"minecraft:iron_leggings":1,"minecraft:string":5,"minecraft:bucket":1,"minecraft:cooked_chicken":1,"minecraft:rotten_flesh":9,"minecraft:carrot":41,"minecraft:stone_bricks":16,"minecraft:spider_eye":3,"minecraft:spruce_log":82,"minecraft:wooden_pickaxe":2},"minecraft:crafted":{"minecraft:cherry_planks":64,"minecraft:oak_planks":632,"minecraft:barrel":17,"minecraft:stone_brick_wall":12,"minecraft:iron_nugget":18,"minecraft:furnace":5,"minecraft:stone":217,"minecraft:bone_meal":36,"minecraft:diamond_shovel":1,"minecraft:cooked_mutton":12,"minecraft:spruce_stairs":8,"minecraft:iron_boots":1,"minecraft:iron_axe":1,"minecraft:stone_pickaxe":1,"minecraft:chest":4,"minecraft:stone_bricks":216,"minecraft:oak_fence":48,"minecraft:cooked_beef":13,"minecraft:oak_slab":36,"minecraft:wooden_shovel":1,"minecraft:diamond_sword":1,"minecraft:cooked_porkchop":6,"minecraft:crafting_table":2,"minecraft:spruce_planks":56,"minecraft:iron_helmet":1,"minecraft:wooden_pickaxe":1,"minecraft:baked_potato":40,"minecraft:iron_sword":1,"minecraft:spruce_door":3,"minecraft:bucket":1,"minecraft:stone_axe":1,"minecraft:bread":8,"minecraft:air":0,"minecraft:stone_brick_stairs":28,"minecraft:spruce_trapdoor":4,"minecraft:iron_chestplate":1,"minecraft:diamond_pickaxe":1,"minecraft:shield":1,"minecraft:stick":24,"minecraft:iron_pickaxe":1,"minecraft:wooden_axe":1,"minecraft:iron_leggings":1,"minecraft:white_bed":1,"minecraft:shears":1,"minecraft:diamond_chestplate":1},"minecraft:picked_up":{"minecraft:wooden_axe":1,"minecraft:iron_chestplate":3,"minecraft:crafting_table":2,"minecraft:wheat":24,"minecraft:ominous_bottle":2,"minecraft:chicken":1,"minecraft:wooden_pickaxe":1,"minecraft:stone_brick_wall":6,"minecraft:potion":1,"minecraft:enchanted_book":2,"minecraft:stone_brick_stairs":10,"minecraft:shield":1,"minecraft:wind_charge":8,"minecraft:cornflower":1,"minecraft:string":5,"minecraft:iron_axe":2,"minecraft:iron_leggings":4,"minecraft:cobbled_deepslate":15,"minecraft:beef":5,"minecraft:trial_key":3,"minecraft:rose_bush":19,"minecraft:poppy":1,"minecraft:iron_pickaxe":2,"minecraft:sugar_cane":15,"minecraft:spruce_trapdoor":5,"minecraft:furnace":5,"minecraft:iron_boots":2,"minecraft:egg":5,"minecraft:tipped_arrow":11,"minecraft:stick":22,"minecraft:raw_iron":7,"minecraft:oak_fence":8,"minecraft:torch":6,"minecraft:spruce_stairs":9,"minecraft:porkchop":28,"minecraft:cherry_log":16,"minecraft:waxed_copper_grate":2,"minecraft:diorite":147,"minecraft:carrot":296,"minecraft:redstone":5,"minecraft:tnt":3,"minecraft:arrow":92,"minecraft:rotten_flesh":33,"minecraft:end_rod":531,"minecraft:flow_armor_trim_smithing_template":1,"minecraft:tuff_bricks":1,"minecraft:mutton":15,"minecraft:snowball":11,"minecraft:white_wool":10,"minecraft:cobblestone":64,"minecraft:cooked_beef":2,"minecraft:feather":2,"minecraft:lilac":1,"minecraft:golden_carrot":1,"minecraft:water_bucket":2,"minecraft:leather":2,"minecraft:potato":104,"minecraft:oak_log":112,"minecraft:waxed_copper_block":2,"minecraft:dirt":327,"minecraft:white_banner":1,"minecraft:bone":21,"minecraft:apple":1,"minecraft:stone_bricks":77,"minecraft:bow":1,"minecraft:wheat_seeds":88,"minecraft:cooked_chicken":1,"minecraft:iron_sword":2,"minecraft:oak_planks":9,"minecraft:pink_concrete":1,"minecraft:milk_bucket":1,"minecraft:pumpkin":12,"minecraft:dandelion":2,"minecraft:gravel":2,"minecraft:stripped_spruce_log":1,"minecraft:spruce_sapling":36,"minecraft:spruce_log":349,"minecraft:barrel":6,"minecraft:spruce_door":2,"minecraft:spider_eye":6,"minecraft:polished_tuff":1,"minecraft:diamond":2,"minecraft:iron_helmet":2,"minecraft:granite":7,"minecraft:breeze_rod":8,"minecraft:diamond_axe":2,"minecraft:painting":1,"minecraft:golden_apple":1,"minecraft:emerald":2,"minecraft:baked_potato":9,"minecraft:ominous_trial_key":1,"minecraft:coal":3,"minecraft:oak_leaves":67},"minecraft:killed":{"minecraft:cave_spider":3,"minecraft:spider":1,"minecraft:skeleton":18,"minecraft:horse":1,"minecraft:chicken":1,"minecraft:husk":5,"minecraft:pig":14,"minecraft:sheep":10,"minecraft:pillager":2,"minecraft:zombie":19,"minecraft:breeze":6}},"DataVersion":3953}