{"stats":{"minecraft:used":{"minecraft:wheat_seeds":1,"minecraft:wooden_axe":1,"minecraft:end_rod":1,"minecraft:poppy":1,"minecraft:redstone":5,"minecraft:stone_pickaxe":11,"minecraft:wooden_pickaxe":6,"minecraft:stone_axe":6,"minecraft:cobblestone":1,"minecraft:tnt":3,"minecraft:crafting_table":2,"minecraft:cooked_porkchop":5,"minecraft:furnace":1,"minecraft:porkchop":2,"minecraft:dandelion":2},"minecraft:picked_up":{"minecraft:wooden_axe":1,"minecraft:crafting_table":2,"minecraft:dandelion":2,"minecraft:wooden_pickaxe":1,"minecraft:porkchop":9,"minecraft:cherry_log":16,"minecraft:redstone":5,"minecraft:tnt":3,"minecraft:wheat_seeds":2,"minecraft:end_rod":2,"minecraft:poppy":1,"minecraft:coal":3,"minecraft:cobblestone":14},"minecraft:mined":{"minecraft:wheat":1,"minecraft:cherry_log":16,"minecraft:tnt":2,"minecraft:crafting_table":2,"minecraft:short_grass":3,"minecraft:coal_ore":1,"minecraft:end_rod":1,"minecraft:redstone_wire":1,"minecraft:stone":14},"minecraft:killed":{"minecraft:pig":5},"minecraft:crafted":{"minecraft:cherry_planks":64,"minecraft:cooked_porkchop":6,"minecraft:crafting_table":1,"minecraft:stick":8,"minecraft:wooden_pickaxe":1,"minecraft:stone_pickaxe":1,"minecraft:wooden_axe":1,"minecraft:furnace":1,"minecraft:stone_axe":1,"minecraft:air":0},"minecraft:dropped":{"minecraft:wheat_seeds":1,"minecraft:wooden_axe":2,"minecraft:wooden_pickaxe":2,"minecraft:coal":3},"minecraft:custom":{"minecraft:time_since_rest":14317,"minecraft:interact_with_furnace":7,"minecraft:sprint_one_cm":49651,"minecraft:damage_taken":363,"minecraft:walk_one_cm":50099,"minecraft:mob_kills":5,"minecraft:drop":8,"minecraft:damage_dealt":544,"minecraft:interact_with_crafting_table":6,"minecraft:fly_one_cm":55489,"minecraft:open_chest":11,"minecraft:crouch_one_cm":3048,"minecraft:play_time":14317,"minecraft:sneak_time":505,"minecraft:jump":242,"minecraft:interact_with_brewingstand":1,"minecraft:time_since_death":14317,"minecraft:total_world_time":14317,"minecraft:fall_one_cm":6494}},"DataVersion":3953}