{"stats":{"minecraft:used":{"minecraft:wheat_seeds":1,"minecraft:water_bucket":2,"minecraft:end_rod":194,"minecraft:stone_pickaxe":11,"minecraft:redstone":5,"minecraft:poppy":1,"minecraft:wooden_pickaxe":6,"minecraft:shield":2,"minecraft:iron_sword":15,"minecraft:iron_chestplate":2,"minecraft:pink_concrete":1,"minecraft:dirt":46,"minecraft:tnt":3,"minecraft:crafting_table":2,"minecraft:carrot":26,"minecraft:painting":1,"minecraft:wooden_axe":1,"minecraft:iron_pickaxe":16,"minecraft:iron_helmet":2,"minecraft:iron_boots":2,"minecraft:stone_axe":6,"minecraft:cobblestone":9,"minecraft:bow":54,"minecraft:porkchop":2,"minecraft:furnace":2,"minecraft:cooked_porkchop":6,"minecraft:bucket":3,"minecraft:egg":3,"minecraft:cooked_beef":10,"minecraft:dandelion":2,"minecraft:bone_meal":6,"minecraft:iron_leggings":2},"minecraft:picked_up":{"minecraft:wooden_axe":1,"minecraft:iron_chestplate":1,"minecraft:crafting_table":2,"minecraft:water_bucket":1,"minecraft:wooden_pickaxe":1,"minecraft:shield":1,"minecraft:dirt":26,"minecraft:iron_axe":1,"minecraft:iron_leggings":1,"minecraft:bone":1,"minecraft:bow":1,"minecraft:wheat_seeds":4,"minecraft:cobbled_deepslate":7,"minecraft:poppy":1,"minecraft:iron_pickaxe":1,"minecraft:iron_sword":1,"minecraft:egg":1,"minecraft:iron_boots":1,"minecraft:furnace":1,"minecraft:raw_iron":7,"minecraft:pink_concrete":1,"minecraft:dandelion":2,"minecraft:porkchop":9,"minecraft:cherry_log":16,"minecraft:carrot":26,"minecraft:redstone":5,"minecraft:tnt":3,"minecraft:arrow":64,"minecraft:iron_helmet":1,"minecraft:painting":1,"minecraft:end_rod":531,"minecraft:coal":3,"minecraft:cobblestone":22},"minecraft:mined":{"minecraft:cherry_log":16,"minecraft:crafting_table":2,"minecraft:short_grass":5,"minecraft:grass_block":2,"minecraft:redstone_wire":1,"minecraft:cobblestone":1,"minecraft:carrots":7,"minecraft:wheat":1,"minecraft:fire":1,"minecraft:pink_concrete":1,"minecraft:tnt":2,"minecraft:coal_ore":1,"minecraft:deepslate_iron_ore":8,"minecraft:end_rod":2,"minecraft:dirt":6,"minecraft:stone":14,"minecraft:deepslate":6},"minecraft:killed":{"minecraft:pig":5,"minecraft:skeleton":1,"minecraft:chicken":1},"minecraft:crafted":{"minecraft:cooked_beef":13,"minecraft:cherry_planks":64,"minecraft:oak_planks":56,"minecraft:cooked_porkchop":6,"minecraft:crafting_table":1,"minecraft:wooden_pickaxe":1,"minecraft:iron_helmet":1,"minecraft:iron_sword":1,"minecraft:furnace":1,"minecraft:bone_meal":6,"minecraft:bucket":1,"minecraft:stone_axe":1,"minecraft:air":0,"minecraft:iron_boots":1,"minecraft:iron_chestplate":1,"minecraft:shield":1,"minecraft:iron_axe":1,"minecraft:stick":8,"minecraft:iron_pickaxe":1,"minecraft:stone_pickaxe":1,"minecraft:wooden_axe":1,"minecraft:iron_leggings":1},"minecraft:dropped":{"minecraft:wheat_seeds":3,"minecraft:coal":3,"minecraft:end_rod":1129,"minecraft:dirt":64,"minecraft:wooden_axe":2,"minecraft:wooden_pickaxe":2},"minecraft:custom":{"minecraft:interact_with_furnace":19,"minecraft:mob_kills":7,"minecraft:interact_with_crafting_table":15,"minecraft:leave_game":3,"minecraft:time_since_death":9723,"minecraft:time_since_rest":10036,"minecraft:sprint_one_cm":186691,"minecraft:damage_taken":1530,"minecraft:walk_one_cm":149057,"minecraft:damage_blocked_by_shield":333,"minecraft:drop":30,"minecraft:damage_dealt":1299,"minecraft:fly_one_cm":287829,"minecraft:target_hit":5,"minecraft:open_chest":76,"minecraft:crouch_one_cm":4430,"minecraft:play_time":49310,"minecraft:deaths":1,"minecraft:sneak_time":1157,"minecraft:jump":982,"minecraft:interact_with_brewingstand":1,"minecraft:interact_with_blast_furnace":1,"minecraft:walk_on_water_one_cm":504,"minecraft:total_world_time":49310,"minecraft:fall_one_cm":26048}},"DataVersion":3953}