{"stats":{"minecraft:mined":{"minecraft:seagrass":1,"minecraft:tuff":1,"minecraft:tall_seagrass":1,"minecraft:furnace":3,"minecraft:iron_ore":8,"minecraft:andesite":2,"minecraft:crafting_table":3,"minecraft:short_grass":2,"minecraft:grass_block":6,"minecraft:oak_log":26,"minecraft:dirt":31,"minecraft:tall_grass":2,"minecraft:stone":173,"minecraft:sugar_cane":11,"minecraft:deepslate":214},"minecraft:broken":{"minecraft:stone_pickaxe":1},"minecraft:used":{"minecraft:stone_pickaxe":229,"minecraft:iron_pickaxe":162,"minecraft:wooden_pickaxe":29,"minecraft:cooked_chicken":4,"minecraft:stone_axe":61,"minecraft:dirt":26,"minecraft:cobblestone":9,"minecraft:crafting_table":3,"minecraft:furnace":3,"minecraft:egg":2,"minecraft:cobbled_deepslate":30},"minecraft:custom":{"minecraft:time_since_rest":27577,"minecraft:interact_with_furnace":15,"minecraft:sprint_one_cm":46342,"minecraft:damage_taken":195,"minecraft:walk_one_cm":35634,"minecraft:mob_kills":17,"minecraft:drop":4,"minecraft:damage_dealt":790,"minecraft:swim_one_cm":12799,"minecraft:interact_with_crafting_table":11,"minecraft:fly_one_cm":117387,"minecraft:crouch_one_cm":9347,"minecraft:play_time":27577,"minecraft:sneak_time":4704,"minecraft:walk_under_water_one_cm":5150,"minecraft:jump":467,"minecraft:leave_game":1,"minecraft:walk_on_water_one_cm":3331,"minecraft:time_since_death":27577,"minecraft:total_world_time":27577,"minecraft:fall_one_cm":11137},"minecraft:dropped":{"minecraft:andesite":2,"minecraft:tuff":1,"minecraft:cobblestone":1},"minecraft:crafted":{"minecraft:oak_planks":104,"minecraft:shield":1,"minecraft:crafting_table":1,"minecraft:stick":16,"minecraft:iron_pickaxe":1,"minecraft:iron_ingot":8,"minecraft:wooden_pickaxe":1,"minecraft:cooked_chicken":5,"minecraft:stone_pickaxe":5,"minecraft:furnace":2,"minecraft:cooked_salmon":10,"minecraft:stone_axe":1,"minecraft:air":0},"minecraft:picked_up":{"minecraft:crafting_table":3,"minecraft:raw_iron":8,"minecraft:feather":5,"minecraft:chicken":5,"minecraft:andesite":2,"minecraft:salmon":10,"minecraft:tuff":1,"minecraft:oak_log":26,"minecraft:dirt":37,"minecraft:cobbled_deepslate":198,"minecraft:sugar_cane":25,"minecraft:furnace":3,"minecraft:cobblestone":173,"minecraft:egg":2},"minecraft:killed":{"minecraft:chicken":6,"minecraft:salmon":10,"minecraft:spider":1}},"DataVersion":3953}