{"stats":{"minecraft:mined":{"minecraft:seagrass":1,"minecraft:tall_seagrass":1,"minecraft:iron_ore":8,"minecraft:crafting_table":1,"minecraft:short_grass":2,"minecraft:grass_block":6,"minecraft:oak_log":26,"minecraft:dirt":31,"minecraft:tall_grass":2,"minecraft:stone":59,"minecraft:sugar_cane":11},"minecraft:used":{"minecraft:stone_pickaxe":57,"minecraft:wooden_pickaxe":29,"minecraft:cooked_chicken":4,"minecraft:stone_axe":59,"minecraft:dirt":26,"minecraft:crafting_table":2,"minecraft:furnace":1,"minecraft:egg":1},"minecraft:custom":{"minecraft:time_since_rest":14164,"minecraft:interact_with_furnace":8,"minecraft:sprint_one_cm":39745,"minecraft:damage_taken":195,"minecraft:walk_one_cm":14024,"minecraft:mob_kills":17,"minecraft:damage_dealt":790,"minecraft:swim_one_cm":12799,"minecraft:interact_with_crafting_table":9,"minecraft:fly_one_cm":116114,"minecraft:crouch_one_cm":2304,"minecraft:play_time":14164,"minecraft:sneak_time":1282,"minecraft:walk_under_water_one_cm":5150,"minecraft:jump":400,"minecraft:leave_game":1,"minecraft:time_since_death":14164,"minecraft:walk_on_water_one_cm":3331,"minecraft:total_world_time":14164,"minecraft:fall_one_cm":10599},"minecraft:crafted":{"minecraft:oak_planks":104,"minecraft:crafting_table":1,"minecraft:stick":8,"minecraft:cooked_chicken":4,"minecraft:wooden_pickaxe":1,"minecraft:stone_pickaxe":1,"minecraft:furnace":2,"minecraft:stone_axe":1,"minecraft:air":0},"minecraft:picked_up":{"minecraft:raw_iron":8,"minecraft:crafting_table":1,"minecraft:feather":5,"minecraft:chicken":5,"minecraft:salmon":10,"minecraft:oak_log":26,"minecraft:dirt":37,"minecraft:sugar_cane":25,"minecraft:cobblestone":59,"minecraft:egg":2},"minecraft:killed":{"minecraft:chicken":6,"minecraft:salmon":10,"minecraft:spider":1}},"DataVersion":3953}